appointment_id,patient_id,staff_id,department_id,appointment_date,appointment_time,status,reason
1,199,24,5,2025-08-19,10:30,No-show,Chronic disease review
2,71,33,7,2026-06-18,11:45,Completed,Immunization
3,79,25,5,2025-12-04,15:15,Completed,Chronic disease review
4,71,21,3,2025-11-13,16:15,No-show,Referral
5,75,10,6,2025-03-11,16:00,Completed,New complaint
6,75,24,6,2026-02-28,14:30,No-show,Chronic disease review
7,141,6,4,2025-04-20,10:15,Completed,Referral
8,314,9,4,2025-08-26,11:00,Completed,Routine check-up
9,245,2,8,2026-01-18,10:45,No-show,Antenatal visit
10,71,10,4,2025-08-20,08:45,Completed,New complaint
11,212,3,4,2025-07-29,09:15,No-show,Referral
12,316,36,6,2026-04-14,11:45,No-show,Referral
13,22,18,6,2026-02-08,16:00,Cancelled,Routine check-up
14,232,32,1,2025-09-09,16:45,Scheduled,Routine check-up
15,286,18,1,2025-07-14,12:45,No-show,New complaint
16,147,32,3,2026-03-09,12:00,Scheduled,Immunization
17,73,32,8,2025-04-03,16:00,Completed,Referral
18,300,2,7,2026-02-28,13:45,Completed,Follow-up
19,233,21,8,2025-04-03,12:30,Scheduled,Chronic disease review
20,84,1,2,2025-04-27,15:30,Completed,Immunization
21,197,10,7,2026-07-18,14:00,Completed,New complaint
22,290,6,3,2025-05-29,10:00,No-show,New complaint
23,159,29,5,2025-07-05,09:15,Completed,Routine check-up
24,319,7,1,2026-04-15,15:45,Cancelled,Referral
25,3,36,4,2025-08-11,15:45,No-show,Antenatal visit
26,41,5,4,2026-07-15,12:15,Completed,Follow-up
27,76,30,6,2025-02-07,10:00,Scheduled,Immunization
28,309,12,6,2025-03-31,08:00,No-show,Follow-up
29,83,11,3,2026-04-12,13:00,Completed,Referral
30,154,13,6,2026-01-24,09:45,Cancelled,Routine check-up
31,150,34,3,2025-05-05,12:30,Cancelled,Antenatal visit
32,269,22,4,2025-03-01,09:00,No-show,Chronic disease review
33,310,11,7,2025-11-21,12:30,Completed,Immunization
34,289,36,8,2026-05-20,10:15,Scheduled,New complaint
35,100,5,2,2025-01-25,15:00,Scheduled,Referral
36,107,23,7,2025-02-16,13:30,Cancelled,Referral
37,109,5,4,2025-10-16,12:00,Completed,New complaint
38,260,13,1,2025-04-27,13:30,No-show,Chronic disease review
39,292,24,3,2025-07-18,13:30,Scheduled,Antenatal visit
40,243,26,3,2026-05-09,10:45,Cancelled,New complaint
41,237,23,1,2026-06-18,12:30,Cancelled,Immunization
42,10,22,6,2025-12-29,09:15,Completed,Referral
43,16,14,7,2026-07-02,10:45,Completed,Immunization
44,60,12,6,2025-02-02,12:45,Completed,Antenatal visit
45,122,17,8,2025-11-06,11:30,Completed,Routine check-up
46,192,26,4,2025-04-05,15:00,No-show,Immunization
47,79,21,6,2026-05-11,16:30,Completed,Follow-up
48,51,2,4,2025-02-07,15:45,Scheduled,Referral
49,268,1,1,2025-11-15,08:00,Completed,Antenatal visit
50,24,35,5,2025-01-24,12:15,Completed,Follow-up
51,99,11,5,2026-06-30,13:45,Scheduled,Routine check-up
52,140,6,3,2025-10-08,09:00,Cancelled,Immunization
53,264,35,4,2026-07-10,13:30,Completed,Follow-up
54,146,4,3,2025-03-14,12:30,Cancelled,Antenatal visit
55,26,2,1,2026-04-28,08:00,No-show,Routine check-up
56,45,25,7,2025-07-03,15:30,Completed,New complaint
57,102,33,8,2025-05-15,09:45,Completed,Antenatal visit
58,159,32,8,2025-08-26,11:15,Cancelled,New complaint
59,187,19,3,2025-12-05,13:45,No-show,Routine check-up
60,34,34,2,2025-12-26,15:45,Completed,New complaint
61,179,2,2,2026-02-20,09:30,Cancelled,Chronic disease review
62,37,12,8,2026-02-15,14:15,Cancelled,Follow-up
63,281,10,8,2026-01-29,09:30,Completed,Referral
64,303,25,7,2025-12-17,16:15,Completed,Chronic disease review
65,40,36,2,2026-04-20,13:00,No-show,Follow-up
66,158,19,2,2025-04-22,14:30,No-show,Chronic disease review
67,32,33,4,2025-05-23,08:15,Scheduled,Follow-up
68,232,11,7,2026-04-03,11:15,Scheduled,New complaint
69,154,12,7,2025-12-19,09:00,Cancelled,Immunization
70,207,2,5,2025-03-05,13:00,Completed,Chronic disease review
71,287,16,2,2025-10-16,08:15,No-show,Chronic disease review
72,303,19,6,2026-01-27,14:45,No-show,Immunization
73,109,15,8,2025-05-23,11:45,Completed,Referral
74,214,6,5,2025-05-09,10:00,Completed,Chronic disease review
75,9,6,8,2026-03-24,10:00,Completed,Chronic disease review
76,213,32,7,2025-07-04,15:45,Cancelled,Referral
77,231,18,6,2025-08-20,10:45,Cancelled,Routine check-up
78,296,36,4,2026-05-29,12:45,Cancelled,Immunization
79,188,26,1,2026-05-10,13:00,Cancelled,Antenatal visit
80,41,6,5,2026-04-22,16:00,Cancelled,Immunization
81,46,4,8,2025-03-21,16:30,Cancelled,Routine check-up
82,176,5,8,2026-04-10,16:45,Cancelled,Chronic disease review
83,170,23,6,2025-10-29,12:15,Completed,Chronic disease review
84,306,12,5,2025-03-04,15:15,Cancelled,Routine check-up
85,150,24,5,2026-05-12,09:15,Cancelled,Routine check-up
86,143,7,3,2025-10-15,12:30,Completed,Chronic disease review
87,58,15,3,2026-04-03,13:15,Completed,Referral
88,121,36,3,2026-06-25,08:30,Completed,Follow-up
89,305,6,8,2026-02-27,14:15,Scheduled,Antenatal visit
90,86,22,6,2025-02-25,12:00,Completed,Follow-up
91,238,19,8,2025-11-05,15:15,No-show,Chronic disease review
92,200,34,5,2025-05-29,16:45,Completed,New complaint
93,230,18,6,2026-06-27,08:00,Cancelled,Chronic disease review
94,182,25,5,2025-12-10,12:30,Completed,New complaint
95,300,19,8,2025-09-05,11:30,Scheduled,Chronic disease review
96,93,13,1,2025-01-09,09:00,No-show,Routine check-up
97,269,35,8,2025-12-26,11:30,Completed,Follow-up
98,18,24,2,2025-02-28,11:00,Scheduled,Routine check-up
99,45,2,7,2025-07-09,09:15,Completed,New complaint
100,240,31,8,2025-10-11,14:30,Completed,Follow-up
101,38,9,1,2026-01-27,14:30,Completed,New complaint
102,136,15,8,2025-03-13,15:15,Cancelled,Antenatal visit
103,92,36,2,2025-05-28,16:45,Completed,Immunization
104,55,29,5,2025-04-16,08:00,Completed,Immunization
105,129,29,1,2026-05-25,10:00,Completed,Chronic disease review
106,200,9,3,2025-12-04,14:00,Cancelled,Chronic disease review
107,252,34,7,2026-02-18,09:15,Completed,Antenatal visit
108,247,1,6,2025-12-08,12:45,Completed,Chronic disease review
109,47,17,6,2025-03-24,15:30,Scheduled,Follow-up
110,91,26,7,2025-07-15,12:45,Completed,Chronic disease review
111,184,36,2,2026-03-25,11:15,Completed,Follow-up
112,13,4,8,2026-02-03,09:30,No-show,Immunization
113,231,24,1,2025-12-14,08:30,Scheduled,Routine check-up
114,208,1,4,2026-06-20,15:15,Scheduled,Immunization
115,120,31,1,2025-05-25,15:00,No-show,Immunization
116,24,4,3,2025-01-15,10:00,Completed,Referral
117,50,32,3,2025-03-07,09:00,No-show,Immunization
118,316,3,2,2025-07-27,14:30,Scheduled,Chronic disease review
119,206,13,2,2026-07-13,10:30,Completed,Referral
120,24,15,6,2025-03-06,09:30,Completed,Referral
121,213,10,6,2026-07-21,10:45,Completed,Immunization
122,21,2,2,2026-01-21,10:00,No-show,Routine check-up
123,4,5,3,2025-04-02,12:45,Scheduled,Referral
124,244,2,4,2025-05-27,12:45,No-show,Follow-up
125,90,26,3,2026-05-27,09:30,Completed,Antenatal visit
126,3,4,4,2025-05-01,16:00,Cancelled,New complaint
127,277,3,8,2025-08-02,12:00,Completed,Routine check-up
128,77,34,8,2025-06-30,10:00,Completed,Chronic disease review
129,187,11,4,2026-03-22,12:30,Cancelled,Referral
130,233,26,2,2025-02-23,16:15,Completed,Referral
131,15,36,2,2025-03-14,11:45,Cancelled,Immunization
132,167,23,4,2025-11-30,11:00,Completed,Follow-up
133,51,4,7,2025-07-24,14:15,Completed,Antenatal visit
134,300,36,1,2026-03-23,10:15,Cancelled,Antenatal visit
135,92,18,6,2025-05-20,15:15,Scheduled,New complaint
136,139,21,6,2025-05-11,08:00,Completed,Follow-up
137,57,32,8,2026-03-05,10:30,Completed,New complaint
138,310,10,3,2026-07-21,11:00,No-show,Referral
139,268,36,4,2026-04-30,15:30,Completed,Chronic disease review
140,220,4,4,2025-12-02,14:15,Cancelled,Follow-up
141,294,5,7,2025-02-15,08:45,Scheduled,Referral
142,259,26,7,2026-06-28,14:45,Scheduled,Referral
143,51,29,8,2025-09-04,09:00,Scheduled,Chronic disease review
144,209,22,3,2026-01-03,12:15,Scheduled,Routine check-up
145,9,34,5,2025-06-15,15:00,No-show,Antenatal visit
146,71,19,3,2026-01-15,15:00,Scheduled,Routine check-up
147,198,14,1,2025-10-31,14:30,Scheduled,Immunization
148,278,22,2,2025-12-10,08:30,Completed,Routine check-up
149,197,17,8,2025-02-11,13:30,Completed,Chronic disease review
150,287,31,4,2025-05-22,13:15,Cancelled,Routine check-up
151,245,22,4,2025-11-25,13:30,Cancelled,Chronic disease review
152,217,9,1,2025-03-06,13:30,No-show,Antenatal visit
153,257,1,8,2026-06-29,16:30,No-show,Immunization
154,189,31,4,2026-04-14,09:00,No-show,Follow-up
155,148,31,2,2025-06-18,12:00,Scheduled,Follow-up
156,255,6,4,2026-06-18,08:30,No-show,Chronic disease review
157,278,2,8,2025-12-22,14:45,Scheduled,Chronic disease review
158,11,11,4,2025-03-06,08:15,Cancelled,Chronic disease review
159,172,23,6,2025-12-01,15:45,No-show,New complaint
160,291,2,5,2025-06-25,12:15,No-show,New complaint
161,148,30,3,2025-12-28,12:45,Completed,Immunization
162,83,11,3,2025-06-29,10:15,Completed,Routine check-up
163,22,13,3,2026-03-28,12:30,Completed,Follow-up
164,288,26,6,2025-12-19,10:30,No-show,Immunization
165,84,12,2,2025-01-26,14:45,Completed,Antenatal visit
166,164,6,1,2026-07-14,16:30,Scheduled,Chronic disease review
167,152,34,5,2025-05-31,15:30,Scheduled,Routine check-up
168,246,26,3,2026-07-19,09:30,Completed,Antenatal visit
169,317,3,8,2026-01-01,09:30,Completed,Immunization
170,100,3,5,2025-07-20,08:00,Cancelled,Referral
171,229,33,7,2025-07-19,15:30,Cancelled,Immunization
172,262,30,6,2026-02-12,10:45,Completed,Antenatal visit
173,191,5,5,2025-12-20,13:30,No-show,Referral
174,288,33,4,2026-03-31,14:45,Completed,Follow-up
175,218,23,3,2025-03-30,10:15,Completed,Antenatal visit
176,269,14,2,2026-01-20,09:00,No-show,Chronic disease review
177,140,23,3,2026-07-24,15:15,Completed,Follow-up
178,196,11,8,2025-02-13,12:30,No-show,Immunization
179,238,3,1,2025-01-03,10:30,Completed,Chronic disease review
180,242,1,5,2026-03-04,10:45,Scheduled,Chronic disease review
181,126,24,2,2025-10-11,15:00,Cancelled,Chronic disease review
182,186,34,7,2025-09-22,15:00,Completed,Immunization
183,295,24,5,2025-06-16,08:15,Completed,Antenatal visit
184,70,16,3,2025-02-24,12:30,No-show,Chronic disease review
185,183,30,5,2025-10-26,16:00,Cancelled,Follow-up
186,94,35,3,2026-07-11,13:30,Scheduled,Referral
187,155,9,6,2025-04-09,16:30,Completed,Routine check-up
188,71,11,6,2026-05-12,14:30,Completed,Routine check-up
189,112,6,4,2025-07-12,16:00,No-show,Antenatal visit
190,40,1,3,2025-01-18,15:30,Completed,Chronic disease review
191,186,2,8,2026-06-20,13:15,Scheduled,New complaint
192,15,1,4,2025-05-12,10:15,Completed,Follow-up
193,108,2,2,2026-03-12,09:00,Completed,Referral
194,248,25,1,2025-07-21,09:00,Scheduled,Immunization
195,304,30,8,2025-05-02,12:00,Completed,New complaint
196,6,35,2,2025-07-30,11:15,Scheduled,New complaint
197,15,33,3,2025-10-12,13:30,Completed,Referral
198,257,4,2,2025-04-12,08:15,Scheduled,Follow-up
199,145,10,1,2025-04-12,11:45,Completed,Chronic disease review
200,302,15,8,2025-04-20,10:30,No-show,Antenatal visit
201,110,3,7,2025-04-26,13:00,No-show,Routine check-up
202,267,2,8,2026-01-05,12:00,Completed,New complaint
203,253,1,7,2025-10-18,15:30,Scheduled,Referral
204,228,3,7,2025-10-25,14:15,Completed,Referral
205,244,17,3,2025-01-14,15:00,No-show,Antenatal visit
206,268,33,2,2025-05-27,14:45,Scheduled,Immunization
207,53,10,2,2026-01-08,11:30,Completed,Immunization
208,207,1,4,2026-03-11,15:30,Scheduled,Referral
209,298,9,7,2025-12-31,15:45,No-show,Immunization
210,143,6,8,2025-04-21,09:30,No-show,Antenatal visit
211,119,2,1,2025-04-12,08:00,No-show,Chronic disease review
212,14,15,7,2025-12-01,10:30,Cancelled,Immunization
213,50,31,8,2026-04-23,11:30,Scheduled,Antenatal visit
214,252,7,6,2026-07-08,16:00,Completed,Antenatal visit
215,61,18,8,2025-11-19,14:45,No-show,Routine check-up
216,17,15,5,2025-06-18,15:45,Completed,New complaint
217,200,36,2,2026-05-18,16:45,No-show,Immunization
218,81,30,7,2025-09-27,15:45,Cancelled,Chronic disease review
219,181,11,6,2025-03-04,08:00,Completed,Referral
220,188,16,1,2025-12-16,14:00,No-show,New complaint
221,183,23,6,2025-02-27,11:15,Completed,Chronic disease review
222,160,33,2,2025-11-09,09:30,Completed,Routine check-up
223,276,13,1,2026-04-17,14:45,Completed,Routine check-up
224,241,24,6,2026-01-22,14:30,Cancelled,Routine check-up
225,251,35,4,2025-12-11,15:30,Completed,Immunization
226,154,17,7,2025-07-26,15:00,Cancelled,Follow-up
227,148,7,1,2025-11-01,14:15,Cancelled,Chronic disease review
228,48,35,6,2025-10-07,09:45,No-show,Follow-up
229,178,31,5,2026-06-01,12:45,Scheduled,Immunization
230,161,21,7,2026-02-16,12:45,Scheduled,Referral
231,281,15,1,2026-06-13,10:45,Completed,Chronic disease review
232,240,9,7,2025-03-03,16:15,Completed,Antenatal visit
233,76,4,3,2025-11-04,14:45,Completed,Referral
234,33,22,7,2025-10-01,12:15,Completed,Chronic disease review
235,308,4,7,2025-09-02,09:15,Completed,Routine check-up
236,126,12,8,2026-05-13,16:45,No-show,Chronic disease review
237,19,21,3,2025-10-07,10:00,Completed,Referral
238,143,15,1,2026-05-13,08:00,Completed,New complaint
239,309,12,2,2026-02-21,13:00,No-show,Referral
240,72,4,2,2026-05-28,09:30,No-show,Routine check-up
241,122,1,6,2025-12-04,14:15,No-show,Follow-up
242,74,35,3,2025-08-08,12:45,No-show,New complaint
243,302,30,8,2026-07-01,13:00,Completed,Immunization
244,217,34,4,2025-10-12,10:30,No-show,Chronic disease review
245,189,12,1,2025-02-05,08:15,Completed,Immunization
246,197,12,6,2025-05-05,16:15,No-show,Antenatal visit
247,5,19,5,2025-11-05,09:15,Completed,Follow-up
248,83,29,6,2026-02-21,08:30,Completed,Referral
249,252,34,7,2025-12-07,14:00,Completed,Chronic disease review
250,134,31,6,2026-03-07,16:30,No-show,Chronic disease review
251,15,30,3,2026-03-31,10:00,No-show,Follow-up
252,157,13,2,2025-04-24,10:15,Cancelled,Chronic disease review
253,67,23,6,2026-04-08,15:15,Completed,Follow-up
254,304,13,5,2025-07-23,09:45,Completed,Follow-up
255,202,18,4,2025-01-22,08:15,Completed,Antenatal visit
256,102,7,3,2025-02-20,14:45,Cancelled,New complaint
257,77,33,6,2025-06-24,09:00,Scheduled,Immunization
258,223,32,8,2025-05-02,11:15,Completed,Referral
259,137,11,8,2026-01-27,10:45,Completed,Immunization
260,111,11,4,2026-03-05,10:45,Completed,Routine check-up
261,149,7,4,2026-04-07,11:30,Cancelled,Chronic disease review
262,235,33,1,2026-04-26,10:30,Scheduled,Antenatal visit
263,109,18,7,2025-09-20,09:00,Cancelled,Routine check-up
264,27,14,4,2026-04-28,13:00,Completed,New complaint
265,259,18,5,2026-02-09,13:15,Cancelled,Routine check-up
266,298,15,5,2025-06-23,16:45,Completed,Antenatal visit
267,68,33,6,2026-06-28,14:15,Completed,Routine check-up
268,161,26,3,2026-05-27,12:30,No-show,New complaint
269,135,7,6,2026-03-23,10:30,Scheduled,Antenatal visit
270,78,29,1,2025-07-13,10:00,Completed,Follow-up
271,19,34,5,2025-06-17,15:45,Completed,Antenatal visit
272,21,29,6,2026-07-29,15:45,No-show,Routine check-up
273,76,1,6,2025-04-06,11:30,Completed,Referral
274,87,9,4,2025-01-05,16:15,No-show,Routine check-up
275,127,36,2,2025-12-03,08:30,Scheduled,Chronic disease review
276,63,19,6,2025-04-19,13:15,Completed,Routine check-up
277,236,34,8,2025-10-03,08:30,Completed,Chronic disease review
278,319,29,6,2025-05-13,11:00,Scheduled,New complaint
279,166,30,2,2026-07-15,14:00,No-show,New complaint
280,92,4,7,2025-04-02,08:15,Completed,Antenatal visit
281,207,11,3,2025-05-04,12:45,No-show,Chronic disease review
282,159,2,6,2025-04-09,13:15,No-show,Antenatal visit
283,199,34,5,2026-07-31,14:00,No-show,Referral
284,189,15,7,2026-03-13,09:00,Cancelled,New complaint
285,238,3,3,2026-05-23,16:00,Completed,Antenatal visit
286,224,33,8,2025-11-04,10:15,Scheduled,New complaint
287,128,25,5,2025-02-18,16:00,Completed,Immunization
288,56,25,7,2025-04-07,15:30,Completed,New complaint
289,300,33,1,2025-04-27,15:15,Completed,Referral
290,202,26,2,2026-03-03,12:30,Cancelled,Chronic disease review
291,233,29,5,2025-12-16,10:15,Completed,Routine check-up
292,310,7,2,2026-03-21,16:00,Completed,Antenatal visit
293,60,5,3,2026-05-04,15:45,Scheduled,Chronic disease review
294,309,36,5,2026-01-05,14:30,Completed,Follow-up
295,70,5,4,2025-04-25,08:15,Completed,Follow-up
296,247,6,4,2026-03-23,16:15,Completed,New complaint
297,238,6,8,2026-03-09,08:00,Completed,Follow-up
298,228,36,8,2025-01-21,15:15,Completed,New complaint
299,292,19,1,2025-12-08,08:00,Scheduled,Referral
300,222,23,8,2026-07-22,12:00,No-show,Antenatal visit
301,249,36,4,2025-03-04,16:00,No-show,Immunization
302,162,31,5,2026-03-04,15:00,No-show,Immunization
303,178,29,7,2025-01-22,10:30,Scheduled,Follow-up
304,241,16,8,2025-08-26,16:15,Cancelled,Chronic disease review
305,174,32,3,2025-10-28,14:45,Scheduled,Chronic disease review
306,185,34,3,2025-08-01,12:00,Scheduled,Antenatal visit
307,67,15,4,2025-06-10,15:00,No-show,Antenatal visit
308,156,4,4,2026-07-25,08:00,Completed,New complaint
309,183,10,3,2026-05-31,08:00,Completed,Antenatal visit
310,59,3,2,2026-07-30,11:45,Completed,New complaint
311,182,26,5,2025-06-04,16:00,Scheduled,Routine check-up
312,225,32,2,2025-04-19,09:00,Cancelled,Routine check-up
313,86,1,4,2026-01-06,10:30,Scheduled,Antenatal visit
314,260,36,2,2025-06-07,13:30,Completed,Routine check-up
315,104,29,7,2025-01-07,11:45,Completed,New complaint
316,259,10,2,2025-09-30,13:45,Completed,Chronic disease review
317,126,6,7,2025-08-22,10:45,No-show,Antenatal visit
318,235,17,1,2026-03-30,10:00,Scheduled,Referral
319,265,31,2,2025-12-13,13:45,Completed,Antenatal visit
320,32,19,1,2025-06-04,08:30,No-show,Antenatal visit
321,284,12,6,2025-12-19,08:30,Cancelled,Immunization
322,76,19,8,2025-07-30,16:45,Scheduled,New complaint
323,208,21,5,2025-03-28,08:30,No-show,Chronic disease review
324,65,11,4,2025-04-06,16:30,Cancelled,New complaint
325,82,24,1,2026-07-07,12:15,Completed,Chronic disease review
326,217,1,1,2026-01-17,12:30,Completed,Routine check-up
327,64,29,5,2025-01-06,15:30,Completed,Referral
328,298,3,6,2025-11-03,12:15,Scheduled,Antenatal visit
329,267,4,2,2025-12-02,16:15,Completed,Antenatal visit
330,51,6,7,2026-02-26,09:00,Completed,Antenatal visit
331,67,34,4,2026-04-02,09:30,Scheduled,Immunization
332,207,19,5,2026-05-26,14:45,Scheduled,Antenatal visit
333,214,10,3,2026-06-02,10:45,Scheduled,Antenatal visit
334,67,1,4,2026-04-12,15:00,Scheduled,Follow-up
335,287,17,2,2026-02-23,09:00,Completed,Immunization
336,149,26,3,2025-05-01,13:30,Completed,New complaint
337,151,36,1,2025-05-27,10:45,Completed,New complaint
338,146,22,3,2026-05-16,08:00,Cancelled,New complaint
339,35,26,7,2026-05-08,12:45,Completed,Referral
340,194,34,3,2025-05-22,16:45,No-show,Chronic disease review
341,230,6,6,2025-04-02,14:45,Completed,Antenatal visit
342,174,26,8,2025-10-12,09:15,Scheduled,Routine check-up
343,293,12,2,2026-07-27,09:15,Cancelled,Immunization
344,296,30,4,2026-05-03,16:00,Completed,Chronic disease review
345,273,15,1,2025-10-09,11:15,Scheduled,Referral
346,297,29,2,2026-07-01,13:45,Cancelled,Routine check-up
347,252,24,6,2026-03-24,10:45,Completed,Referral
348,271,13,7,2025-09-21,09:00,Completed,Immunization
349,87,11,3,2025-07-07,12:00,Completed,New complaint
350,209,10,1,2025-11-30,10:00,Scheduled,Routine check-up
351,153,18,2,2025-11-24,10:45,Completed,New complaint
352,193,1,1,2025-07-27,11:15,No-show,Immunization
353,259,18,2,2025-10-03,08:30,No-show,Immunization
354,209,31,8,2025-01-30,14:15,Completed,New complaint
355,284,35,4,2026-07-23,10:30,Cancelled,Antenatal visit
356,229,33,4,2025-05-26,13:15,Completed,Immunization
357,217,29,1,2025-01-02,15:30,Scheduled,Follow-up
358,1,30,8,2025-10-07,12:45,Completed,Referral
359,109,11,1,2025-06-15,16:00,Completed,Routine check-up
360,203,1,3,2026-07-24,12:45,Completed,Immunization
361,259,13,6,2025-09-25,15:30,Completed,Chronic disease review
362,165,14,4,2026-04-16,13:00,Scheduled,Follow-up
363,2,34,1,2025-01-10,10:45,Cancelled,Chronic disease review
364,251,19,2,2025-03-21,16:00,Scheduled,Antenatal visit
365,64,16,7,2026-01-02,14:15,Scheduled,Routine check-up
366,64,32,6,2025-07-17,15:00,Completed,Chronic disease review
367,11,9,6,2025-07-16,09:30,Scheduled,Follow-up
368,120,36,6,2025-02-07,12:45,Scheduled,Chronic disease review
369,311,22,1,2025-07-20,14:00,Completed,Immunization
370,257,36,3,2026-07-20,11:15,Completed,Immunization
371,66,31,3,2025-09-23,11:30,Completed,Referral
372,12,7,8,2025-01-03,14:00,Completed,Antenatal visit
373,209,9,2,2026-06-15,15:45,Completed,Immunization
374,23,3,1,2025-10-12,14:45,Completed,Routine check-up
375,201,21,6,2025-03-25,08:15,Scheduled,Antenatal visit
376,39,4,4,2025-06-18,13:30,Completed,Chronic disease review
377,50,24,8,2026-03-19,08:30,Completed,Follow-up
378,56,34,4,2025-12-15,08:30,Cancelled,Referral
379,122,31,8,2025-04-08,15:00,Completed,Routine check-up
380,18,18,6,2025-03-08,10:00,No-show,Routine check-up
381,155,25,2,2025-04-15,08:00,Completed,Referral
382,196,19,2,2026-02-25,11:00,No-show,Antenatal visit
383,238,25,2,2025-12-14,08:45,Cancelled,New complaint
384,301,21,2,2025-04-16,08:00,Cancelled,Referral
385,100,2,5,2025-12-30,14:45,Scheduled,Immunization
386,228,15,4,2025-05-21,08:00,Completed,New complaint
387,300,25,6,2025-11-15,16:15,Completed,Antenatal visit
388,159,14,5,2026-01-13,08:15,Completed,Follow-up
389,260,30,7,2025-12-19,11:15,Scheduled,Follow-up
390,36,14,4,2026-05-03,15:30,Cancelled,Immunization
391,172,12,7,2025-12-03,10:00,No-show,Referral
392,22,36,4,2025-01-04,11:15,No-show,Immunization
393,110,4,8,2025-12-06,14:15,No-show,Follow-up
394,4,17,1,2025-03-17,13:00,Cancelled,Routine check-up
395,73,11,8,2025-07-19,13:00,Completed,Follow-up
396,102,11,3,2025-08-13,12:15,Completed,Referral
397,284,4,3,2025-07-20,08:15,Completed,Routine check-up
398,11,2,7,2025-04-24,13:15,Completed,Antenatal visit
399,123,17,6,2025-06-25,16:45,Scheduled,Routine check-up
400,61,6,3,2025-07-14,11:45,Scheduled,New complaint
401,163,25,4,2025-02-17,11:30,Completed,New complaint
402,127,30,5,2025-05-10,16:45,Completed,Chronic disease review
403,42,34,2,2025-06-21,16:45,Scheduled,Referral
404,261,17,8,2026-06-16,15:15,Completed,Chronic disease review
405,192,34,8,2026-05-01,12:45,Scheduled,Referral
406,299,26,4,2025-08-13,11:45,Completed,Antenatal visit
407,112,12,7,2026-01-22,10:30,Completed,Immunization
408,44,2,2,2025-10-30,15:30,Completed,Immunization
409,22,32,6,2026-03-13,15:45,No-show,Antenatal visit
410,189,36,6,2025-10-07,14:00,Completed,Antenatal visit
411,120,7,2,2026-01-03,09:30,Cancelled,Immunization
412,280,33,5,2025-08-22,09:00,Completed,New complaint
413,20,21,6,2025-07-21,13:30,Completed,Chronic disease review
414,141,21,3,2026-07-11,12:00,Completed,New complaint
415,178,19,7,2025-01-13,15:15,No-show,Follow-up
416,117,22,8,2025-08-28,16:45,Scheduled,Referral
417,237,14,2,2025-11-17,11:45,Scheduled,Antenatal visit
418,108,29,8,2026-07-26,08:30,Completed,Immunization
419,66,12,1,2026-05-27,13:30,Completed,Antenatal visit
420,218,19,5,2025-11-30,08:00,Completed,Follow-up
421,170,19,7,2025-07-29,14:00,Cancelled,Antenatal visit
422,97,34,2,2025-12-03,15:30,Completed,Follow-up
423,54,15,1,2026-05-16,08:15,Completed,Routine check-up
424,198,11,4,2025-08-27,12:00,No-show,Routine check-up
425,189,5,3,2025-12-01,14:45,Completed,Routine check-up
426,67,23,8,2025-03-12,14:15,Completed,Referral
427,106,12,7,2026-05-02,10:30,Cancelled,Follow-up
428,258,32,5,2025-07-26,08:15,No-show,Routine check-up
429,205,4,6,2026-05-18,15:45,Cancelled,Routine check-up
430,47,11,8,2025-12-22,12:45,Cancelled,Referral
431,90,23,4,2025-07-03,14:45,No-show,Chronic disease review
432,94,35,7,2025-02-14,11:15,Completed,Chronic disease review
433,276,11,2,2025-08-11,15:45,Cancelled,Routine check-up
434,189,31,2,2026-06-01,13:45,No-show,Follow-up
435,130,22,1,2026-04-19,08:00,Scheduled,Chronic disease review
436,237,18,6,2026-02-13,11:45,Completed,Routine check-up
437,129,1,3,2025-12-01,15:45,No-show,Routine check-up
438,43,4,8,2025-05-24,15:30,Completed,Follow-up
439,10,35,3,2025-10-29,09:45,Completed,Routine check-up
440,6,9,3,2026-03-28,13:15,Completed,Chronic disease review
441,18,22,8,2025-02-18,16:00,No-show,Chronic disease review
442,158,29,1,2025-01-05,08:45,Completed,Follow-up
443,192,4,4,2025-04-04,08:45,Completed,Routine check-up
444,173,21,2,2025-08-14,09:15,Scheduled,Follow-up
445,23,23,2,2025-12-01,13:15,Cancelled,Follow-up
446,278,19,7,2025-05-04,11:15,Completed,New complaint
447,166,15,1,2026-02-16,13:00,No-show,Follow-up
448,235,3,2,2025-10-13,13:00,Completed,Follow-up
449,211,12,8,2025-04-15,16:15,Completed,Routine check-up
450,308,13,7,2025-05-17,13:15,Scheduled,Referral
451,163,34,2,2025-12-10,08:45,No-show,Immunization
452,120,5,4,2025-01-22,09:30,Completed,Chronic disease review
453,220,4,2,2025-03-03,10:30,No-show,New complaint
454,104,6,7,2025-07-29,08:15,Scheduled,Immunization
455,228,14,3,2025-10-12,13:00,Cancelled,Referral
456,213,11,1,2025-08-23,13:30,Completed,Follow-up
457,277,30,4,2025-08-16,14:30,Completed,Antenatal visit
458,4,31,8,2025-03-13,11:00,Scheduled,Follow-up
459,105,2,2,2025-06-27,16:15,Completed,Immunization
460,41,25,8,2025-11-15,10:15,Completed,Antenatal visit
461,91,4,5,2025-10-20,15:15,Completed,Referral
462,247,33,6,2026-02-12,14:15,No-show,Antenatal visit
463,217,25,3,2026-05-09,08:45,No-show,Referral
464,43,12,3,2026-07-21,10:30,No-show,Antenatal visit
465,157,32,5,2026-01-20,16:45,Completed,New complaint
466,70,34,4,2025-06-08,11:00,Completed,Referral
467,257,17,8,2026-02-19,14:45,Scheduled,New complaint
468,197,36,5,2025-03-14,14:00,Completed,Antenatal visit
469,290,10,4,2026-03-23,12:30,Cancelled,Chronic disease review
470,251,17,1,2026-01-30,14:15,Completed,Antenatal visit
471,18,17,1,2025-06-01,12:45,Scheduled,Follow-up
472,131,4,3,2025-01-13,09:00,Scheduled,Chronic disease review
473,197,19,2,2026-06-15,11:45,Completed,Referral
474,219,7,5,2026-05-28,16:45,Cancelled,New complaint
475,211,33,2,2025-12-19,10:30,Scheduled,Follow-up
476,204,12,1,2025-06-22,15:00,Completed,Routine check-up
477,214,23,5,2026-03-18,10:15,Completed,Follow-up
478,69,21,8,2025-07-06,16:00,No-show,Immunization
479,109,15,4,2025-03-02,10:15,Completed,Referral
480,210,29,2,2025-06-20,09:30,Completed,Antenatal visit
481,64,9,2,2025-12-17,08:15,No-show,Antenatal visit
482,52,5,1,2025-09-30,08:00,Completed,Follow-up
483,268,5,7,2026-06-17,12:45,No-show,Referral
484,173,25,6,2026-01-15,13:30,Completed,New complaint
485,205,18,1,2025-12-31,13:00,Completed,Antenatal visit
486,206,2,1,2025-05-06,16:30,Scheduled,Referral
487,128,17,8,2026-05-02,16:45,Scheduled,Follow-up
488,2,13,1,2026-01-04,08:30,Scheduled,Antenatal visit
489,120,36,7,2025-03-25,13:45,No-show,Chronic disease review
490,52,18,5,2025-07-19,10:00,Completed,Antenatal visit
491,45,12,8,2025-06-22,15:00,No-show,Chronic disease review
492,277,4,4,2025-08-05,10:00,Completed,Antenatal visit
493,15,10,6,2026-01-28,12:15,Scheduled,New complaint
494,244,1,3,2026-07-02,15:00,Scheduled,New complaint
495,115,31,6,2026-01-22,14:45,Completed,Follow-up
496,133,1,5,2025-03-31,09:00,Completed,Chronic disease review
497,304,21,2,2026-01-12,10:30,No-show,Immunization
498,1,12,1,2026-07-03,11:45,No-show,New complaint
499,187,2,4,2025-04-20,14:00,Cancelled,Referral
500,236,13,3,2025-10-31,11:45,Scheduled,Antenatal visit
501,76,11,3,2025-02-05,13:30,Cancelled,Chronic disease review
502,64,9,8,2025-08-09,15:30,Scheduled,Antenatal visit
503,31,14,3,2025-08-04,11:00,Completed,Referral
504,250,19,5,2025-06-13,08:45,Completed,Antenatal visit
505,243,16,7,2026-02-05,09:30,Completed,Chronic disease review
506,100,19,2,2025-05-15,13:00,Scheduled,New complaint
507,235,10,3,2026-03-29,15:30,Completed,Follow-up
508,112,21,1,2026-01-06,09:15,No-show,Antenatal visit
509,87,30,2,2025-12-31,15:15,Completed,Routine check-up
510,264,14,7,2025-06-02,14:15,Completed,Routine check-up
511,124,19,8,2025-11-06,10:45,Scheduled,Referral
512,46,32,7,2025-10-09,15:30,Completed,Routine check-up
513,60,33,2,2026-05-16,16:15,Completed,Immunization
514,294,34,5,2025-04-07,10:45,No-show,Chronic disease review
515,223,12,3,2025-04-12,13:00,Scheduled,Referral
516,276,15,7,2025-01-21,14:45,Completed,Immunization
517,300,1,4,2025-05-01,10:15,Completed,Immunization
518,229,13,2,2025-02-10,10:15,Scheduled,Follow-up
519,45,7,1,2025-03-28,09:30,Completed,Immunization
520,88,25,1,2025-09-12,12:00,Cancelled,Referral
521,151,29,3,2026-05-18,13:30,Cancelled,Immunization
522,262,22,2,2025-02-15,11:00,Completed,Follow-up
523,154,22,3,2026-07-20,11:30,Completed,Follow-up
524,319,25,2,2026-07-18,12:30,No-show,Chronic disease review
525,84,19,8,2025-03-27,12:45,Scheduled,Follow-up
526,275,22,2,2025-10-03,11:30,Cancelled,Chronic disease review
527,262,10,7,2025-06-07,13:45,No-show,Routine check-up
528,310,4,2,2025-10-04,09:00,Scheduled,Immunization
529,209,31,6,2025-04-02,13:30,Completed,Follow-up
530,116,9,1,2025-04-11,14:15,No-show,Routine check-up
531,64,15,5,2026-05-17,09:30,Scheduled,Immunization
532,145,9,2,2025-02-19,10:30,No-show,Follow-up
533,177,19,8,2025-05-11,12:00,Scheduled,Immunization
534,80,2,3,2026-01-23,12:00,Scheduled,Chronic disease review
535,190,4,7,2026-04-14,10:45,Completed,Referral
536,240,11,5,2026-03-15,16:15,Completed,Chronic disease review
537,45,12,7,2025-11-17,09:00,Completed,Chronic disease review
538,123,33,3,2025-02-28,09:30,Cancelled,Antenatal visit
539,6,25,3,2026-05-07,15:00,No-show,Routine check-up
540,316,21,1,2026-03-12,16:30,Completed,Chronic disease review
541,271,26,8,2025-06-22,16:15,Completed,Routine check-up
542,188,2,6,2025-02-22,14:45,No-show,Follow-up
543,192,1,6,2025-09-13,16:00,Completed,New complaint
544,248,11,5,2025-08-07,08:45,Completed,New complaint
545,264,26,8,2026-05-15,08:30,Completed,Immunization
546,236,14,5,2025-12-29,09:00,Completed,Chronic disease review
547,96,19,6,2025-01-10,09:45,No-show,Follow-up
548,44,6,7,2025-05-07,15:00,Completed,Referral
549,129,3,8,2026-02-09,13:30,Completed,Antenatal visit
550,94,9,2,2026-03-26,15:15,Completed,New complaint
551,223,5,6,2025-07-23,09:15,Completed,Routine check-up
552,69,19,7,2025-12-06,08:15,Scheduled,Follow-up
553,246,9,2,2026-03-08,15:45,Scheduled,Chronic disease review
554,66,13,7,2026-05-29,14:15,Completed,Routine check-up
555,11,2,3,2025-12-19,16:00,Scheduled,Follow-up
556,27,14,7,2025-01-09,14:45,Completed,New complaint
557,249,33,7,2025-09-11,10:15,Completed,New complaint
558,59,7,4,2026-03-16,11:45,Scheduled,Referral
559,53,15,4,2025-06-02,11:00,Completed,Antenatal visit
560,20,9,4,2025-05-30,14:00,Cancelled,Follow-up
561,47,30,7,2026-02-22,16:30,Scheduled,Chronic disease review
562,119,3,6,2026-03-13,15:00,Cancelled,Antenatal visit
563,27,12,2,2025-10-03,13:30,Completed,Chronic disease review
564,215,4,6,2025-02-18,10:00,Completed,Routine check-up
565,165,22,5,2026-04-29,12:00,No-show,Follow-up
566,130,36,6,2025-12-09,12:00,Completed,Chronic disease review
567,7,2,6,2026-01-05,13:30,Completed,Chronic disease review
568,142,22,7,2025-03-31,09:15,Scheduled,Chronic disease review
569,309,1,1,2025-07-15,11:45,Completed,Routine check-up
570,280,14,5,2026-05-01,11:15,Completed,Follow-up
571,99,23,5,2026-07-28,13:30,No-show,Chronic disease review
572,61,25,2,2026-05-10,14:00,Completed,Immunization
573,141,2,5,2025-02-16,08:15,Scheduled,Referral
574,204,36,2,2025-06-19,15:45,Cancelled,Referral
575,200,19,5,2025-07-31,10:00,Completed,Immunization
576,112,5,8,2026-05-31,16:30,Completed,Referral
577,113,11,5,2026-07-20,09:15,Completed,Routine check-up
578,274,4,5,2025-02-10,10:30,Completed,New complaint
579,27,4,4,2026-07-02,09:00,Scheduled,New complaint
580,310,17,6,2025-03-27,16:30,Scheduled,Follow-up
581,210,11,6,2025-02-28,08:30,Completed,Chronic disease review
582,144,15,5,2025-01-17,16:00,Scheduled,Chronic disease review
583,196,7,4,2026-03-29,11:30,Completed,Follow-up
584,298,19,3,2026-04-02,11:45,Completed,Follow-up
585,246,33,8,2025-07-05,15:15,Completed,Follow-up
586,292,36,3,2025-10-16,08:30,Completed,Follow-up
587,202,21,2,2025-05-27,09:45,Completed,Antenatal visit
588,207,35,3,2025-01-13,09:45,No-show,Routine check-up
589,57,5,1,2025-05-16,11:00,Completed,Follow-up
590,308,5,1,2025-04-19,16:30,Scheduled,Routine check-up
591,104,2,8,2026-07-31,15:15,Completed,New complaint
592,246,6,4,2025-02-27,16:30,Scheduled,Immunization
593,64,24,1,2025-04-16,16:30,Completed,Immunization
594,213,6,1,2025-08-18,08:15,No-show,Antenatal visit
595,76,16,5,2025-08-20,14:00,No-show,Follow-up
596,57,3,2,2025-10-16,13:00,Cancelled,New complaint
597,61,17,2,2025-02-14,10:15,No-show,Immunization
598,172,15,7,2025-06-03,12:30,Completed,Routine check-up
599,139,36,6,2025-09-29,09:00,Completed,Referral
600,76,13,3,2026-02-04,15:45,Completed,Routine check-up
601,296,25,5,2025-05-29,09:30,Completed,Follow-up
602,198,16,6,2026-05-22,14:45,Scheduled,Antenatal visit
603,309,14,3,2025-09-09,14:45,Cancelled,Antenatal visit
604,276,36,4,2026-01-29,09:45,Cancelled,Immunization
605,113,33,4,2026-01-06,08:15,Completed,New complaint
606,286,34,3,2025-04-23,08:30,Completed,Referral
607,72,11,8,2025-05-28,16:45,Completed,Follow-up
608,115,30,3,2025-05-01,10:45,Scheduled,Routine check-up
609,218,17,1,2025-04-19,09:45,Cancelled,Referral
610,81,24,3,2026-01-10,10:00,Completed,Routine check-up
611,7,23,3,2025-07-06,15:15,Scheduled,Immunization
612,154,34,7,2025-12-12,15:00,Completed,Routine check-up
613,80,30,1,2025-06-27,16:15,Completed,Antenatal visit
614,217,32,5,2026-05-29,12:15,No-show,Follow-up
615,140,33,7,2025-05-09,11:45,Cancelled,Routine check-up
616,113,19,3,2026-07-27,09:45,No-show,New complaint
617,208,18,3,2025-02-25,13:45,Completed,New complaint
618,56,35,2,2026-01-07,13:00,Completed,New complaint
619,84,35,2,2025-08-05,08:30,Completed,Immunization
620,104,26,4,2025-10-03,09:00,Cancelled,Referral
