invoice_id,patient_id,visit_id,admission_id,invoice_date,total_amount,status
1,79,2.0,,2025-12-04,3600.0,Paid
2,75,3.0,,2025-03-11,12280.0,Paid
3,141,4.0,,2025-04-20,4000.0,Paid
4,314,5.0,,2025-08-26,2480.0,Paid
5,300,8.0,,2026-02-28,1310.0,Paid
6,159,11.0,,2025-07-05,11584.0,Paid
7,41,12.0,,2026-07-15,3109.0,Paid
8,310,14.0,,2025-11-21,1250.0,Paid
9,10,16.0,,2025-12-29,2500.0,Paid
10,24,22.0,,2025-01-24,800.0,Paid
11,45,24.0,,2025-07-03,700.0,Paid
12,102,25.0,,2025-05-15,1400.0,Partially Paid
13,34,26.0,,2025-12-26,3592.0,Paid
14,281,27.0,,2026-01-29,2820.0,Partially Paid
15,303,28.0,,2025-12-17,2700.0,Unpaid
16,207,29.0,,2025-03-05,3804.0,Paid
17,214,31.0,,2025-05-09,3000.0,Partially Paid
18,9,32.0,,2026-03-24,3549.0,Paid
19,143,34.0,,2025-10-15,1982.0,Partially Paid
20,121,36.0,,2026-06-25,1800.0,Paid
21,86,37.0,,2025-02-25,1000.0,Unpaid
22,182,39.0,,2025-12-10,570.0,Partially Paid
23,269,40.0,,2025-12-26,2852.0,Partially Paid
24,240,42.0,,2025-10-11,1600.0,Paid
25,38,43.0,,2026-01-27,1350.0,Unpaid
26,55,45.0,,2025-04-16,1105.0,Unpaid
27,129,46.0,,2026-05-25,1525.0,Partially Paid
28,247,48.0,,2025-12-08,1385.0,Unpaid
29,91,49.0,,2025-07-15,2050.0,Unpaid
30,24,51.0,,2025-01-15,1216.0,Unpaid
31,206,52.0,,2026-07-13,1330.0,Unpaid
32,24,53.0,,2025-03-06,1250.0,Partially Paid
33,213,54.0,,2026-07-21,1200.0,Paid
34,90,55.0,,2026-05-27,4798.0,Paid
35,277,56.0,,2025-08-02,822.0,Partially Paid
36,77,57.0,,2025-06-30,8300.0,Unpaid
37,233,58.0,,2025-02-23,527.0,Paid
38,167,59.0,,2025-11-30,500.0,Partially Paid
39,51,60.0,,2025-07-24,1000.0,Paid
40,57,62.0,,2026-03-05,1204.0,Unpaid
41,268,63.0,,2026-04-30,1000.0,Paid
42,278,64.0,,2025-12-10,300.0,Paid
43,197,65.0,,2025-02-11,822.0,Paid
44,148,66.0,,2025-12-28,1806.0,Partially Paid
45,84,69.0,,2025-01-26,1040.0,Paid
46,317,71.0,,2026-01-01,9150.0,Unpaid
47,218,74.0,,2025-03-30,1465.0,Paid
48,238,76.0,,2025-01-03,300.0,Unpaid
49,186,77.0,,2025-09-22,11480.0,Paid
50,295,78.0,,2025-06-16,2900.0,Partially Paid
51,155,79.0,,2025-04-09,1850.0,Paid
52,71,80.0,,2026-05-12,4940.0,Partially Paid
53,304,84.0,,2025-05-02,5700.0,Unpaid
54,145,86.0,,2025-04-12,3560.0,Paid
55,228,88.0,,2025-10-25,1750.0,Paid
56,53,89.0,,2026-01-08,2480.0,Unpaid
57,252,90.0,,2026-07-08,7700.0,Paid
58,17,91.0,,2025-06-18,1493.0,Partially Paid
59,181,92.0,,2025-03-04,2340.0,Paid
60,160,94.0,,2025-11-09,2884.0,Unpaid
61,251,96.0,,2025-12-11,1520.0,Unpaid
62,240,98.0,,2025-03-03,1240.0,Unpaid
63,76,99.0,,2025-11-04,15360.0,Partially Paid
64,33,100.0,,2025-10-01,7350.0,Partially Paid
65,19,102.0,,2025-10-07,1800.0,Paid
66,189,105.0,,2025-02-05,1000.0,Partially Paid
67,5,106.0,,2025-11-05,1120.0,Paid
68,83,107.0,,2026-02-21,980.0,Unpaid
69,252,108.0,,2025-12-07,1630.0,Paid
70,304,110.0,,2025-07-23,1436.0,Paid
71,202,111.0,,2025-01-22,500.0,Unpaid
72,137,113.0,,2026-01-27,2278.0,Partially Paid
73,111,114.0,,2026-03-05,540.0,Unpaid
74,27,115.0,,2026-04-28,4034.0,Paid
75,298,116.0,,2025-06-23,1500.0,Paid
76,68,117.0,,2026-06-28,700.0,Paid
77,78,118.0,,2025-07-13,2570.0,Unpaid
78,76,120.0,,2025-04-06,2700.0,Unpaid
79,63,121.0,,2025-04-19,5300.0,Partially Paid
80,92,123.0,,2025-04-02,300.0,Partially Paid
81,238,124.0,,2026-05-23,1050.0,Unpaid
82,56,126.0,,2025-04-07,2280.0,Unpaid
83,233,128.0,,2025-12-16,1240.0,Paid
84,310,129.0,,2026-03-21,356.0,Unpaid
85,309,130.0,,2026-01-05,3078.0,Partially Paid
86,156,135.0,,2026-07-25,3100.0,Partially Paid
87,59,137.0,,2026-07-30,1000.0,Partially Paid
88,260,138.0,,2025-06-07,885.0,Paid
89,259,140.0,,2025-09-30,3500.0,Paid
90,82,142.0,,2026-07-07,900.0,Partially Paid
91,217,143.0,,2026-01-17,1350.0,Unpaid
92,267,145.0,,2025-12-02,4622.0,Partially Paid
93,51,146.0,,2026-02-26,3332.0,Paid
94,287,147.0,,2026-02-23,720.0,Paid
95,149,148.0,,2025-05-01,3650.0,Paid
96,151,149.0,,2025-05-27,1870.0,Unpaid
97,230,151.0,,2025-04-02,820.0,Paid
98,296,152.0,,2026-05-03,1430.0,Unpaid
99,87,155.0,,2025-07-07,900.0,Paid
100,153,156.0,,2025-11-24,1625.0,Unpaid
101,109,160.0,,2025-06-15,5280.0,Unpaid
102,64,163.0,,2025-07-17,1270.0,Paid
103,311,164.0,,2025-07-20,1195.0,Paid
104,257,165.0,,2026-07-20,700.0,Paid
105,209,168.0,,2026-06-15,3490.0,Partially Paid
106,122,172.0,,2025-04-08,2500.0,Partially Paid
107,228,174.0,,2025-05-21,5880.0,Partially Paid
108,159,176.0,,2026-01-13,500.0,Paid
109,284,179.0,,2025-07-20,1090.0,Partially Paid
110,11,180.0,,2025-04-24,3120.0,Paid
111,163,181.0,,2025-02-17,1084.0,Partially Paid
112,127,182.0,,2025-05-10,1500.0,Partially Paid
113,299,184.0,,2025-08-13,500.0,Paid
114,44,186.0,,2025-10-30,696.0,Paid
115,189,187.0,,2025-10-07,1462.0,Partially Paid
116,20,189.0,,2025-07-21,1040.0,Paid
117,141,190.0,,2026-07-11,1400.0,Paid
118,108,191.0,,2026-07-26,850.0,Paid
119,66,192.0,,2026-05-27,4830.0,Paid
120,97,194.0,,2025-12-03,3400.0,Paid
121,67,197.0,,2025-03-12,600.0,Paid
122,237,199.0,,2026-02-13,2650.0,Paid
123,10,201.0,,2025-10-29,1050.0,Paid
124,6,202.0,,2026-03-28,868.0,Partially Paid
125,192,204.0,,2025-04-04,2240.0,Partially Paid
126,278,205.0,,2025-05-04,700.0,Partially Paid
127,120,208.0,,2025-01-22,300.0,Paid
128,277,210.0,,2025-08-16,22240.0,Partially Paid
129,105,211.0,,2025-06-27,400.0,Unpaid
130,41,212.0,,2025-11-15,1220.0,Partially Paid
131,91,213.0,,2025-10-20,1100.0,Partially Paid
132,157,214.0,,2026-01-20,840.0,Paid
133,197,218.0,,2026-06-15,2612.0,Unpaid
134,214,220.0,,2026-03-18,4150.0,Partially Paid
135,109,221.0,,2025-03-02,570.0,Paid
136,210,222.0,,2025-06-20,1291.0,Unpaid
137,173,224.0,,2026-01-15,1300.0,Paid
138,277,227.0,,2025-08-05,736.0,Partially Paid
139,115,228.0,,2026-01-22,750.0,Unpaid
140,133,229.0,,2025-03-31,1698.0,Paid
141,31,230.0,,2025-08-04,1500.0,Paid
142,87,234.0,,2025-12-31,1618.0,Partially Paid
143,264,235.0,,2025-06-02,584.0,Paid
144,60,237.0,,2026-05-16,5670.0,Paid
145,276,238.0,,2025-01-21,500.0,Paid
146,300,239.0,,2025-05-01,5230.0,Unpaid
147,45,240.0,,2025-03-28,764.0,Paid
148,154,242.0,,2026-07-20,412.0,Paid
149,209,243.0,,2025-04-02,300.0,Paid
150,240,245.0,,2026-03-15,11000.0,Paid
151,316,247.0,,2026-03-12,1000.0,Unpaid
152,271,248.0,,2025-06-22,2344.0,Paid
153,248,250.0,,2025-08-07,1084.0,Unpaid
154,264,251.0,,2026-05-15,900.0,Partially Paid
155,236,252.0,,2025-12-29,1000.0,Paid
156,44,253.0,,2025-05-07,4200.0,Partially Paid
157,94,255.0,,2026-03-26,978.0,Paid
158,66,257.0,,2026-05-29,1106.0,Paid
159,27,258.0,,2025-01-09,1000.0,Partially Paid
160,27,261.0,,2025-10-03,1055.0,Paid
161,215,262.0,,2025-02-18,1000.0,Paid
162,130,263.0,,2025-12-09,3200.0,Partially Paid
163,309,265.0,,2025-07-15,1412.0,Paid
164,280,266.0,,2026-05-01,1278.0,Unpaid
165,61,267.0,,2026-05-10,1264.0,Unpaid
166,200,268.0,,2025-07-31,2465.0,Paid
167,113,270.0,,2026-07-20,1078.0,Partially Paid
168,202,277.0,,2025-05-27,1300.0,Partially Paid
169,57,278.0,,2025-05-16,754.0,Unpaid
170,104,279.0,,2026-07-31,1800.0,Partially Paid
171,139,282.0,,2025-09-29,737.0,Partially Paid
172,76,283.0,,2026-02-04,12165.0,Unpaid
173,296,284.0,,2025-05-29,3750.0,Paid
174,113,285.0,,2026-01-06,1250.0,Paid
175,286,286.0,,2025-04-23,2300.0,Paid
176,72,287.0,,2025-05-28,1000.0,Unpaid
177,81,288.0,,2026-01-10,1975.0,Paid
178,154,289.0,,2025-12-12,1300.0,Paid
179,208,291.0,,2025-02-25,300.0,Paid
180,56,292.0,,2026-01-07,700.0,Unpaid
181,134,294.0,,2025-07-28,2300.0,Unpaid
182,14,295.0,,2025-06-06,864.0,Paid
183,194,298.0,,2025-10-09,500.0,Paid
184,73,300.0,,2025-07-04,4830.0,Paid
185,254,301.0,,2026-02-05,1505.0,Partially Paid
186,153,304.0,,2025-02-02,925.0,Unpaid
187,178,305.0,,2025-06-12,1270.0,Paid
188,99,306.0,,2026-06-15,500.0,Partially Paid
189,187,307.0,,2025-01-31,1400.0,Paid
190,113,308.0,,2025-10-02,2000.0,Paid
191,103,309.0,,2026-07-19,1790.0,Partially Paid
192,254,310.0,,2025-07-17,300.0,Unpaid
193,102,311.0,,2025-04-16,2500.0,Partially Paid
194,106,312.0,,2026-04-02,8570.0,Paid
195,192,314.0,,2025-06-21,7208.0,Partially Paid
196,301,315.0,,2026-06-28,2800.0,Partially Paid
197,16,316.0,,2025-11-27,2000.0,Paid
198,75,318.0,,2025-01-10,2050.0,Unpaid
199,288,321.0,,2026-03-08,31800.0,Paid
200,164,322.0,,2025-02-20,4000.0,Partially Paid
201,24,323.0,,2025-05-03,5250.0,Unpaid
202,88,324.0,,2025-08-31,1000.0,Partially Paid
203,19,326.0,,2025-01-17,500.0,Paid
204,205,328.0,,2026-05-21,1330.0,Paid
205,153,329.0,,2025-05-05,2570.0,Paid
206,15,330.0,,2025-01-11,784.0,Unpaid
207,166,331.0,,2025-06-24,830.0,Unpaid
208,189,332.0,,2025-09-23,3200.0,Paid
209,25,333.0,,2025-09-28,300.0,Partially Paid
210,164,335.0,,2026-04-03,700.0,Paid
211,296,336.0,,2025-10-15,2530.0,Paid
212,116,337.0,,2025-10-31,1000.0,Paid
213,97,340.0,,2025-12-15,1482.0,Paid
214,113,342.0,,2026-04-09,1275.0,Paid
215,124,345.0,,2025-07-11,500.0,Paid
216,244,346.0,,2025-09-29,1840.0,Paid
217,261,348.0,,2026-03-28,300.0,Paid
218,97,350.0,,2025-10-10,830.0,Partially Paid
219,56,351.0,,2025-04-24,900.0,Partially Paid
220,28,352.0,,2025-09-02,800.0,Unpaid
221,142,353.0,,2026-02-06,2000.0,Unpaid
222,113,354.0,,2025-07-30,840.0,Partially Paid
223,36,357.0,,2025-12-07,2940.0,Paid
224,136,359.0,,2025-01-10,5860.0,Paid
225,299,360.0,,2025-09-11,800.0,Paid
226,24,361.0,,2025-08-22,7300.0,Paid
227,49,362.0,,2025-12-10,1030.0,Paid
228,7,364.0,,2025-12-08,3036.0,Paid
229,279,368.0,,2025-09-29,718.0,Partially Paid
230,297,370.0,,2026-03-20,590.0,Unpaid
231,34,373.0,,2026-04-10,1300.0,Unpaid
232,145,374.0,,2026-05-16,1250.0,Partially Paid
233,101,377.0,,2025-10-25,3000.0,Paid
234,243,378.0,,2026-01-31,640.0,Unpaid
235,284,381.0,,2025-11-09,1370.0,Unpaid
236,71,383.0,,2026-05-31,2773.0,Partially Paid
237,182,384.0,,2026-03-07,1000.0,Partially Paid
238,125,386.0,,2026-07-11,1735.0,Partially Paid
239,202,387.0,,2025-01-07,700.0,Unpaid
240,28,388.0,,2025-10-04,1340.0,Paid
241,305,389.0,,2026-05-09,700.0,Partially Paid
242,63,390.0,,2026-06-13,1225.0,Partially Paid
243,310,393.0,,2025-09-11,750.0,Paid
244,314,396.0,,2026-03-19,1584.0,Paid
245,95,397.0,,2025-06-24,810.0,Paid
246,246,398.0,,2025-04-13,1084.0,Unpaid
247,218,400.0,,2025-10-18,3274.0,Paid
248,289,401.0,,2025-11-07,1480.0,Partially Paid
249,5,403.0,,2026-05-28,2500.0,Paid
250,35,408.0,,2025-06-12,1346.0,Partially Paid
251,54,410.0,,2026-03-07,920.0,Unpaid
252,194,413.0,,2025-07-20,1078.0,Paid
253,225,414.0,,2025-07-26,3000.0,Partially Paid
254,257,418.0,,2026-07-27,1840.0,Paid
255,225,419.0,,2025-03-14,1462.0,Unpaid
256,265,420.0,,2025-05-01,1208.0,Paid
257,200,422.0,,2025-06-11,2800.0,Partially Paid
258,299,424.0,,2025-01-31,13550.0,Paid
259,283,428.0,,2025-10-05,2320.0,Partially Paid
260,156,430.0,,2025-02-26,3200.0,Paid
261,274,431.0,,2026-07-20,2300.0,Paid
262,199,432.0,,2026-03-17,583.0,Paid
263,176,434.0,,2025-09-01,7200.0,Paid
264,302,435.0,,2026-02-27,7700.0,Paid
265,150,438.0,,2026-05-06,850.0,Partially Paid
266,40,439.0,,2026-05-22,848.0,Partially Paid
267,270,441.0,,2026-07-09,2932.0,Partially Paid
268,178,442.0,,2025-10-14,500.0,Paid
269,71,443.0,,2026-07-21,6340.0,Paid
270,191,444.0,,2025-08-29,1200.0,Unpaid
271,313,447.0,,2025-01-20,2300.0,Unpaid
272,221,449.0,,2025-02-02,480.0,Paid
273,319,451.0,,2025-02-28,2000.0,Paid
274,196,453.0,,2025-05-16,2436.0,Partially Paid
275,141,454.0,,2026-07-10,952.0,Paid
276,293,455.0,,2025-10-08,1850.0,Unpaid
277,129,456.0,,2025-11-11,590.0,Partially Paid
278,92,457.0,,2025-01-18,974.0,Paid
279,239,458.0,,2026-05-07,1063.0,Paid
280,30,459.0,,2026-07-19,1535.0,Partially Paid
281,226,460.0,,2025-10-10,1000.0,Paid
282,66,461.0,,2025-05-31,1670.0,Partially Paid
283,59,462.0,,2026-06-03,300.0,Paid
284,181,464.0,,2025-12-25,710.0,Paid
285,105,466.0,,2026-03-02,1100.0,Paid
286,145,467.0,,2025-12-01,610.0,Paid
287,209,468.0,,2025-10-29,1200.0,Paid
288,189,469.0,,2025-06-03,31800.0,Unpaid
289,312,470.0,,2026-06-08,500.0,Paid
290,194,471.0,,2026-01-26,2407.0,Paid
291,115,472.0,,2026-06-25,3364.0,Paid
292,318,,1.0,2025-06-03,4000.0,Paid
293,91,,2.0,2026-01-28,30000.0,Partially Paid
294,269,,3.0,2025-03-03,30000.0,Partially Paid
295,4,,4.0,2026-01-05,6000.0,Unpaid
296,179,,5.0,2025-06-16,824000.0,Partially Paid
297,214,,6.0,2025-11-29,30000.0,Unpaid
298,144,,7.0,2025-06-21,6000.0,Partially Paid
299,144,,8.0,2025-12-14,30000.0,Paid
300,315,,9.0,2025-07-02,22000.0,Paid
301,220,,10.0,2025-01-27,1104000.0,Paid
302,80,,11.0,2026-01-17,6000.0,Unpaid
303,68,,12.0,2025-04-29,10000.0,Partially Paid
304,166,,13.0,2026-05-08,4000.0,Paid
305,94,,14.0,2025-04-13,8000.0,Unpaid
306,197,,15.0,2026-05-18,6000.0,Paid
307,226,,16.0,2025-10-27,12000.0,Paid
308,264,,17.0,2025-06-21,10000.0,Paid
309,89,,18.0,2026-07-11,4000.0,Unpaid
310,65,,19.0,2025-05-27,4000.0,Paid
311,194,,20.0,2025-01-09,4000.0,Paid
312,82,,21.0,2026-07-21,16000.0,Paid
313,207,,22.0,2025-03-31,16000.0,Unpaid
314,238,,23.0,2025-09-24,10000.0,Partially Paid
315,195,,24.0,2025-02-03,10000.0,Partially Paid
316,233,,25.0,2026-07-22,6000.0,Paid
317,94,,26.0,2026-03-27,4000.0,Paid
318,111,,27.0,2026-03-30,250000.0,Partially Paid
319,167,,28.0,2025-06-26,6000.0,Unpaid
320,211,,29.0,2025-04-14,12000.0,Unpaid
321,156,,30.0,2026-07-21,22000.0,Paid
322,187,,31.0,2025-09-08,30000.0,Paid
323,285,,32.0,2025-10-01,12000.0,Paid
324,253,,33.0,2025-06-15,12000.0,Unpaid
325,134,,34.0,2026-05-26,30000.0,Paid
326,310,,35.0,2026-03-26,4000.0,Paid
327,83,,36.0,2025-12-06,6000.0,Partially Paid
328,255,,37.0,2025-04-26,6000.0,Paid
329,286,,38.0,2025-09-06,6000.0,Paid
330,204,,39.0,2025-02-25,22000.0,Paid
331,284,,40.0,2026-04-22,22000.0,Paid
332,108,,41.0,2026-01-17,22000.0,Paid
333,202,,42.0,2025-02-11,6000.0,Unpaid
334,42,,43.0,2025-11-25,4000.0,Paid
335,108,,44.0,2025-04-06,4000.0,Paid
336,301,,45.0,2025-12-23,4000.0,Paid
337,262,,46.0,2025-02-28,30000.0,Paid
338,241,,47.0,2025-08-04,30000.0,Partially Paid
339,204,,48.0,2025-06-04,6000.0,Paid
340,236,,49.0,2026-04-23,6000.0,Unpaid
341,46,,50.0,2025-04-26,12000.0,Paid
342,62,,51.0,2025-02-02,16000.0,Partially Paid
343,271,,52.0,2025-09-12,648000.0,Paid
344,293,,53.0,2026-03-18,12000.0,Unpaid
345,92,,54.0,2025-11-05,22000.0,Paid
346,47,,55.0,2025-01-24,22000.0,Paid
347,5,,56.0,2025-12-01,6000.0,Unpaid
348,9,,57.0,2025-07-18,760000.0,Paid
349,34,,58.0,2025-01-02,6000.0,Partially Paid
350,66,,59.0,2026-05-24,4000.0,Partially Paid
351,73,,60.0,2025-07-15,766000.0,Paid
352,188,,61.0,2025-11-11,6000.0,Partially Paid
353,80,,62.0,2025-05-25,868000.0,Unpaid
354,315,,63.0,2026-05-06,6000.0,Unpaid
355,307,,64.0,2025-03-04,16000.0,Paid
356,303,,65.0,2026-02-27,6000.0,Paid
357,55,,66.0,2025-11-24,502000.0,Unpaid
358,4,,67.0,2025-10-20,4000.0,Paid
359,186,,68.0,2026-05-24,30000.0,Paid
360,158,,69.0,2025-03-08,10000.0,Partially Paid
361,218,,70.0,2025-09-10,8000.0,Paid
362,237,,71.0,2025-01-03,4000.0,Unpaid
363,264,,72.0,2025-02-09,6000.0,Paid
364,52,,73.0,2026-02-13,8000.0,Paid
365,217,,74.0,2025-02-13,22000.0,Unpaid
366,188,,75.0,2025-04-20,6000.0,Paid
367,32,,76.0,2025-03-28,6000.0,Unpaid
368,127,,77.0,2026-04-19,6000.0,Paid
369,185,,78.0,2025-10-10,16000.0,Partially Paid
370,101,,79.0,2025-01-18,30000.0,Partially Paid
371,182,,80.0,2026-03-13,12000.0,Partially Paid
372,62,,81.0,2025-01-06,10000.0,Paid
373,81,,82.0,2025-09-18,12000.0,Paid
374,41,,83.0,2025-03-07,22000.0,Paid
375,10,,84.0,2025-02-28,8000.0,Paid
376,170,,85.0,2025-01-26,4000.0,Unpaid
377,249,,86.0,2026-04-24,4000.0,Paid
378,135,,87.0,2025-08-30,22000.0,Paid
379,289,,88.0,2025-10-04,30000.0,Paid
380,34,,89.0,2025-06-26,4000.0,Paid
381,302,,90.0,2026-05-24,12000.0,Paid
382,115,,91.0,2025-03-08,6000.0,Partially Paid
383,213,,92.0,2025-10-27,4000.0,Paid
384,111,,93.0,2025-10-21,4000.0,Paid
385,120,,94.0,2025-11-27,12000.0,Paid
386,305,,95.0,2025-04-27,30000.0,Paid
