order_id,visit_id,test_id,order_date,status
1,1,9,2026-06-18,Completed
2,2,8,2025-12-04,Completed
3,4,15,2025-04-20,Completed
4,5,13,2025-08-26,Pending
5,6,8,2025-08-20,Completed
6,10,4,2026-07-18,Completed
7,11,10,2025-07-05,Completed
8,12,14,2026-07-15,Completed
9,13,19,2026-04-12,Completed
10,14,12,2025-11-21,Completed
11,16,9,2025-12-29,Pending
12,16,6,2025-12-29,Pending
13,17,13,2026-07-02,Completed
14,18,14,2025-02-02,Completed
15,18,6,2025-02-02,Completed
16,20,11,2026-05-11,Completed
17,21,9,2025-11-15,Completed
18,22,11,2025-01-24,Cancelled
19,25,17,2025-05-15,Completed
20,26,17,2025-12-26,Completed
21,26,20,2025-12-26,Cancelled
22,28,2,2025-12-17,Pending
23,29,19,2025-03-05,Cancelled
24,29,10,2025-03-05,Cancelled
25,30,15,2025-05-23,Completed
26,30,3,2025-05-23,Pending
27,31,14,2025-05-09,Pending
28,32,20,2026-03-24,Cancelled
29,32,8,2026-03-24,Completed
30,34,2,2025-10-15,Completed
31,36,2,2026-06-25,Completed
32,40,18,2025-12-26,Cancelled
33,41,1,2025-07-09,Cancelled
34,41,10,2025-07-09,Cancelled
35,42,16,2025-10-11,Cancelled
36,44,10,2025-05-28,Completed
37,45,11,2025-04-16,Completed
38,49,4,2025-07-15,Completed
39,50,9,2026-03-25,Pending
40,53,12,2025-03-06,Completed
41,54,3,2026-07-21,Completed
42,55,3,2026-05-27,Completed
43,55,11,2026-05-27,Completed
44,56,4,2025-08-02,Pending
45,57,9,2025-06-30,Completed
46,60,1,2025-07-24,Cancelled
47,60,3,2025-07-24,Completed
48,61,18,2025-05-11,Completed
49,65,4,2025-02-11,Cancelled
50,66,13,2025-12-28,Completed
51,67,3,2025-06-29,Completed
52,68,15,2026-03-28,Pending
53,71,2,2026-01-01,Pending
54,71,7,2026-01-01,Completed
55,72,11,2026-02-12,Pending
56,72,1,2026-02-12,Completed
57,73,18,2026-03-31,Completed
58,74,11,2025-03-30,Completed
59,74,11,2025-03-30,Completed
60,77,5,2025-09-22,Completed
61,77,11,2025-09-22,Pending
62,78,17,2025-06-16,Completed
63,78,14,2025-06-16,Completed
64,79,5,2025-04-09,Cancelled
65,80,4,2026-05-12,Completed
66,83,19,2026-03-12,Completed
67,84,3,2025-05-02,Cancelled
68,85,18,2025-10-12,Completed
69,85,13,2025-10-12,Completed
70,86,9,2025-04-12,Completed
71,88,2,2025-10-25,Pending
72,88,12,2025-10-25,Pending
73,89,9,2026-01-08,Completed
74,92,19,2025-03-04,Completed
75,93,5,2025-02-27,Completed
76,94,14,2025-11-09,Completed
77,95,7,2026-04-17,Pending
78,96,2,2025-12-11,Pending
79,98,7,2025-03-03,Cancelled
80,101,14,2025-09-02,Cancelled
81,101,10,2025-09-02,Completed
82,102,9,2025-10-07,Cancelled
83,103,4,2026-05-13,Pending
84,104,9,2026-07-01,Completed
85,106,5,2025-11-05,Completed
86,107,13,2026-02-21,Completed
87,108,7,2025-12-07,Completed
88,112,4,2025-05-02,Completed
89,113,9,2026-01-27,Pending
90,114,5,2026-03-05,Completed
91,115,8,2026-04-28,Pending
92,115,16,2026-04-28,Completed
93,116,2,2025-06-23,Completed
94,118,5,2025-07-13,Completed
95,118,16,2025-07-13,Cancelled
96,120,10,2025-04-06,Completed
97,121,13,2025-04-19,Completed
98,124,8,2026-05-23,Cancelled
99,125,5,2025-02-18,Completed
100,126,9,2025-04-07,Cancelled
101,127,13,2025-04-27,Completed
102,130,18,2026-01-05,Cancelled
103,131,17,2025-04-25,Completed
104,134,18,2025-01-21,Pending
105,135,1,2026-07-25,Pending
106,139,9,2025-01-07,Completed
107,140,20,2025-09-30,Cancelled
108,141,4,2025-12-13,Pending
109,142,7,2026-07-07,Completed
110,143,8,2026-01-17,Cancelled
111,146,1,2026-02-26,Completed
112,146,14,2026-02-26,Completed
113,148,18,2025-05-01,Pending
114,149,8,2025-05-27,Completed
115,151,4,2025-04-02,Completed
116,153,20,2026-03-24,Completed
117,153,18,2026-03-24,Completed
118,155,1,2025-07-07,Pending
119,156,7,2025-11-24,Pending
120,157,4,2025-01-30,Completed
121,157,9,2025-01-30,Completed
122,158,18,2025-05-26,Completed
123,159,9,2025-10-07,Completed
124,162,7,2025-09-25,Completed
125,166,7,2025-09-23,Completed
126,166,14,2025-09-23,Completed
127,167,1,2025-01-03,Completed
128,168,14,2026-06-15,Completed
129,172,9,2025-04-08,Cancelled
130,173,17,2025-04-15,Cancelled
131,174,19,2025-05-21,Completed
132,174,18,2025-05-21,Cancelled
133,178,15,2025-08-13,Completed
134,179,1,2025-07-20,Completed
135,180,3,2025-04-24,Cancelled
136,182,2,2025-05-10,Completed
137,183,13,2026-06-16,Cancelled
138,184,5,2025-08-13,Completed
139,185,8,2026-01-22,Completed
140,187,11,2025-10-07,Cancelled
141,188,9,2025-08-22,Completed
142,190,7,2026-07-11,Completed
143,195,3,2026-05-16,Completed
144,197,1,2025-03-12,Completed
145,199,19,2026-02-13,Completed
146,201,12,2025-10-29,Completed
147,201,1,2025-10-29,Completed
148,203,10,2025-01-05,Completed
149,203,20,2025-01-05,Cancelled
150,204,10,2025-04-04,Pending
151,205,3,2025-05-04,Completed
152,206,2,2025-10-13,Completed
153,207,2,2025-04-15,Cancelled
154,209,8,2025-08-23,Pending
155,213,17,2025-10-20,Completed
156,215,17,2025-06-08,Completed
157,217,19,2026-01-30,Pending
158,218,18,2026-06-15,Completed
159,220,20,2026-03-18,Cancelled
160,221,12,2025-03-02,Completed
161,228,4,2026-01-22,Cancelled
162,229,1,2025-03-31,Completed
163,229,6,2025-03-31,Cancelled
164,230,16,2025-08-04,Completed
165,230,17,2025-08-04,Completed
166,232,20,2026-02-05,Completed
167,233,10,2026-03-29,Pending
168,236,5,2025-10-09,Completed
169,236,7,2025-10-09,Completed
170,237,2,2026-05-16,Pending
171,239,13,2025-05-01,Completed
172,239,2,2025-05-01,Completed
173,241,6,2025-02-15,Completed
174,248,17,2025-06-22,Cancelled
175,249,1,2025-09-13,Completed
176,249,17,2025-09-13,Cancelled
177,251,11,2026-05-15,Completed
178,251,11,2026-05-15,Completed
179,253,7,2025-05-07,Completed
180,253,11,2025-05-07,Completed
181,254,3,2026-02-09,Completed
182,255,4,2026-03-26,Cancelled
183,257,8,2026-05-29,Cancelled
184,257,3,2026-05-29,Completed
185,260,2,2025-06-02,Completed
186,260,17,2025-06-02,Pending
187,261,11,2025-10-03,Pending
188,263,14,2025-12-09,Cancelled
189,263,17,2025-12-09,Completed
190,264,1,2026-01-05,Cancelled
191,264,4,2026-01-05,Completed
192,265,17,2025-07-15,Completed
193,266,16,2026-05-01,Completed
194,268,14,2025-07-31,Completed
195,270,5,2026-07-20,Completed
196,271,19,2025-02-10,Completed
197,271,13,2025-02-10,Cancelled
198,272,1,2025-02-28,Cancelled
199,274,7,2026-04-02,Completed
200,274,20,2026-04-02,Cancelled
201,275,3,2025-07-05,Completed
202,279,10,2026-07-31,Completed
203,283,8,2026-02-04,Pending
204,284,14,2025-05-29,Pending
205,284,2,2025-05-29,Cancelled
206,285,4,2026-01-06,Completed
207,286,2,2025-04-23,Cancelled
208,286,7,2025-04-23,Completed
209,287,1,2025-05-28,Pending
210,289,11,2025-12-12,Completed
211,294,14,2025-07-28,Cancelled
212,296,16,2025-05-14,Pending
213,297,5,2025-11-01,Cancelled
214,299,9,2026-04-16,Completed
215,301,17,2026-02-05,Pending
216,302,11,2026-05-14,Completed
217,303,17,2026-04-07,Completed
218,305,2,2025-06-12,Completed
219,307,17,2025-01-31,Completed
220,308,10,2025-10-02,Cancelled
221,311,9,2025-04-16,Cancelled
222,311,6,2025-04-16,Pending
223,312,19,2026-04-02,Cancelled
224,313,14,2026-03-16,Cancelled
225,313,19,2026-03-16,Pending
226,314,10,2025-06-21,Cancelled
227,314,20,2025-06-21,Cancelled
228,315,15,2026-06-28,Completed
229,316,19,2025-11-27,Pending
230,317,19,2025-08-09,Completed
231,319,10,2025-11-26,Cancelled
232,320,7,2026-06-24,Completed
233,323,13,2025-05-03,Cancelled
234,323,18,2025-05-03,Completed
235,324,13,2025-08-31,Completed
236,325,6,2025-10-19,Completed
237,327,11,2025-10-09,Cancelled
238,328,8,2026-05-21,Cancelled
239,328,5,2026-05-21,Cancelled
240,329,10,2025-05-05,Completed
241,332,20,2025-09-23,Pending
242,334,5,2026-04-17,Pending
243,335,12,2026-04-03,Cancelled
244,336,14,2025-10-15,Completed
245,340,1,2025-12-15,Cancelled
246,341,14,2026-06-01,Completed
247,342,17,2026-04-09,Completed
248,346,8,2025-09-29,Cancelled
249,347,10,2025-06-04,Cancelled
250,349,1,2026-03-09,Completed
251,349,17,2026-03-09,Pending
252,350,13,2025-10-10,Completed
253,351,3,2025-04-24,Completed
254,352,1,2025-09-02,Completed
255,353,9,2026-02-06,Completed
256,355,6,2025-01-04,Cancelled
257,357,15,2025-12-07,Pending
258,358,2,2025-12-09,Completed
259,359,15,2025-01-10,Pending
260,359,20,2025-01-10,Completed
261,360,13,2025-09-11,Pending
262,360,5,2025-09-11,Cancelled
263,363,16,2025-09-17,Pending
264,364,2,2025-12-08,Completed
265,364,9,2025-12-08,Completed
266,366,7,2025-09-08,Completed
267,366,11,2025-09-08,Completed
268,367,13,2026-01-22,Completed
269,367,1,2026-01-22,Completed
270,368,3,2025-09-29,Cancelled
271,373,11,2026-04-10,Completed
272,377,18,2025-10-25,Completed
273,377,6,2025-10-25,Cancelled
274,381,4,2025-11-09,Pending
275,383,8,2026-05-31,Pending
276,383,7,2026-05-31,Completed
277,386,16,2026-07-11,Cancelled
278,392,19,2025-03-10,Cancelled
279,393,4,2025-09-11,Completed
280,395,16,2025-07-08,Cancelled
281,397,8,2025-06-24,Cancelled
282,400,18,2025-10-18,Completed
283,401,1,2025-11-07,Pending
284,402,19,2026-04-25,Cancelled
285,403,14,2026-05-28,Pending
286,404,4,2025-06-28,Pending
287,405,2,2025-05-24,Pending
288,406,16,2026-01-21,Completed
289,406,1,2026-01-21,Completed
290,408,6,2025-06-12,Completed
291,411,12,2025-02-08,Completed
292,411,4,2025-02-08,Completed
293,412,6,2025-11-25,Completed
294,414,20,2025-07-26,Completed
295,417,10,2025-07-14,Cancelled
296,418,6,2026-07-27,Completed
297,418,2,2026-07-27,Cancelled
298,419,8,2025-03-14,Cancelled
299,421,9,2025-08-18,Cancelled
300,422,5,2025-06-11,Completed
301,422,20,2025-06-11,Cancelled
302,423,3,2026-02-13,Completed
303,424,2,2025-01-31,Pending
304,426,8,2025-08-30,Cancelled
305,426,13,2025-08-30,Pending
306,429,6,2025-12-25,Completed
307,430,20,2025-02-26,Completed
308,431,18,2026-07-20,Pending
309,434,14,2025-09-01,Cancelled
310,435,5,2026-02-27,Completed
311,436,2,2025-02-28,Cancelled
312,436,11,2025-02-28,Cancelled
313,438,8,2026-05-06,Completed
314,439,12,2026-05-22,Pending
315,441,15,2026-07-09,Cancelled
316,443,6,2026-07-21,Completed
317,447,13,2025-01-20,Pending
318,447,19,2025-01-20,Pending
319,450,10,2025-08-10,Completed
320,451,19,2025-02-28,Completed
321,452,7,2026-06-16,Cancelled
322,452,19,2026-06-16,Completed
323,453,11,2025-05-16,Completed
324,455,13,2025-10-08,Completed
325,455,8,2025-10-08,Completed
326,458,17,2026-05-07,Completed
327,458,1,2026-05-07,Pending
328,459,13,2026-07-19,Cancelled
329,461,16,2025-05-31,Completed
330,463,17,2025-09-23,Cancelled
331,465,16,2026-06-08,Cancelled
332,466,2,2026-03-02,Completed
333,468,3,2025-10-29,Completed
334,471,7,2026-01-26,Completed
335,472,14,2026-06-25,Pending
336,472,17,2026-06-25,Completed
