result_id,order_id,result_value,unit,reference_range,is_abnormal,result_date
1,1,140.6,mg/dL,See lab reference chart,0,2026-06-18
2,2,170.7,,See lab reference chart,1,2025-12-04
3,3,62.7,,See lab reference chart,0,2025-04-20
4,5,43.7,%,See lab reference chart,0,2025-08-20
5,6,90.9,mmol/L,See lab reference chart,1,2026-07-18
6,7,116.7,,See lab reference chart,0,2025-07-05
7,8,134.3,,See lab reference chart,0,2026-07-15
8,9,43.5,%,See lab reference chart,0,2026-04-12
9,10,70.3,mg/dL,See lab reference chart,0,2025-11-21
10,13,163.5,,See lab reference chart,0,2026-07-02
11,14,150.8,,See lab reference chart,0,2025-02-02
12,15,34.5,cells/uL,See lab reference chart,0,2025-02-02
13,16,29.8,g/dL,See lab reference chart,1,2026-05-11
14,17,84.7,mg/dL,See lab reference chart,0,2025-11-15
15,19,67.8,,See lab reference chart,1,2025-05-15
16,20,178.1,g/dL,See lab reference chart,0,2025-12-26
17,25,5.5,g/dL,See lab reference chart,0,2025-05-23
18,29,46.1,cells/uL,See lab reference chart,0,2026-03-24
19,30,116.8,%,See lab reference chart,0,2025-10-15
20,31,91.0,%,See lab reference chart,0,2026-06-25
21,36,185.3,%,See lab reference chart,0,2025-05-28
22,37,41.7,,See lab reference chart,0,2025-04-16
23,38,146.7,mmol/L,See lab reference chart,0,2025-07-15
24,40,59.2,g/dL,See lab reference chart,0,2025-03-06
25,41,174.9,mg/dL,See lab reference chart,0,2026-07-21
26,42,24.4,%,See lab reference chart,0,2026-05-27
27,43,167.4,g/dL,See lab reference chart,0,2026-05-27
28,45,20.2,mmol/L,See lab reference chart,0,2025-06-30
29,47,69.7,g/dL,See lab reference chart,1,2025-07-24
30,48,185.1,,See lab reference chart,0,2025-05-11
31,50,125.0,%,See lab reference chart,1,2025-12-28
32,51,186.9,%,See lab reference chart,0,2025-06-29
33,54,5.4,,See lab reference chart,0,2026-01-01
34,56,18.9,mg/dL,See lab reference chart,0,2026-02-12
35,57,95.7,g/dL,See lab reference chart,0,2026-03-31
36,58,8.4,,See lab reference chart,0,2025-03-30
37,59,164.8,cells/uL,See lab reference chart,0,2025-03-30
38,60,199.9,cells/uL,See lab reference chart,0,2025-09-22
39,62,63.1,cells/uL,See lab reference chart,1,2025-06-16
40,63,58.5,mmol/L,See lab reference chart,1,2025-06-16
41,65,195.0,cells/uL,See lab reference chart,1,2026-05-12
42,66,56.7,g/dL,See lab reference chart,1,2026-03-12
43,68,132.3,mg/dL,See lab reference chart,0,2025-10-12
44,69,175.8,mg/dL,See lab reference chart,0,2025-10-12
45,70,20.7,g/dL,See lab reference chart,1,2025-04-12
46,73,113.1,mmol/L,See lab reference chart,0,2026-01-08
47,74,5.3,mmol/L,See lab reference chart,0,2025-03-04
48,75,164.8,,See lab reference chart,0,2025-02-27
49,76,175.3,g/dL,See lab reference chart,0,2025-11-09
50,81,171.5,mg/dL,See lab reference chart,1,2025-09-02
51,84,163.3,g/dL,See lab reference chart,0,2026-07-01
52,85,51.5,mg/dL,See lab reference chart,1,2025-11-05
53,86,56.8,mg/dL,See lab reference chart,0,2026-02-21
54,87,4.7,mg/dL,See lab reference chart,0,2025-12-07
55,88,83.4,,See lab reference chart,0,2025-05-02
56,90,39.2,,See lab reference chart,0,2026-03-05
57,92,51.9,%,See lab reference chart,0,2026-04-28
58,93,105.8,mmol/L,See lab reference chart,0,2025-06-23
59,94,86.4,mg/dL,See lab reference chart,0,2025-07-13
60,96,138.3,cells/uL,See lab reference chart,0,2025-04-06
61,97,45.7,mmol/L,See lab reference chart,1,2025-04-19
62,99,75.4,cells/uL,See lab reference chart,0,2025-02-18
63,101,191.5,mg/dL,See lab reference chart,1,2025-04-27
64,103,195.5,mg/dL,See lab reference chart,0,2025-04-25
65,106,126.5,,See lab reference chart,0,2025-01-07
66,109,171.8,cells/uL,See lab reference chart,0,2026-07-07
67,111,179.4,mmol/L,See lab reference chart,1,2026-02-26
68,112,83.6,,See lab reference chart,1,2026-02-26
69,114,21.2,cells/uL,See lab reference chart,1,2025-05-27
70,115,178.2,mmol/L,See lab reference chart,0,2025-04-02
71,116,51.6,g/dL,See lab reference chart,1,2026-03-24
72,117,138.4,g/dL,See lab reference chart,1,2026-03-24
73,120,47.4,g/dL,See lab reference chart,0,2025-01-30
74,121,71.1,cells/uL,See lab reference chart,0,2025-01-30
75,122,21.3,,See lab reference chart,1,2025-05-26
76,123,33.1,,See lab reference chart,1,2025-10-07
77,124,14.1,%,See lab reference chart,0,2025-09-25
78,125,176.3,cells/uL,See lab reference chart,0,2025-09-23
79,126,167.1,mmol/L,See lab reference chart,0,2025-09-23
80,127,107.5,,See lab reference chart,0,2025-01-03
81,128,33.2,mg/dL,See lab reference chart,1,2026-06-15
82,131,33.2,g/dL,See lab reference chart,0,2025-05-21
83,133,122.0,,See lab reference chart,0,2025-08-13
84,134,76.4,g/dL,See lab reference chart,0,2025-07-20
85,136,107.6,mg/dL,See lab reference chart,0,2025-05-10
86,138,108.7,mmol/L,See lab reference chart,0,2025-08-13
87,139,122.2,mg/dL,See lab reference chart,0,2026-01-22
88,141,29.0,mmol/L,See lab reference chart,0,2025-08-22
89,142,45.7,,See lab reference chart,0,2026-07-11
90,143,136.9,cells/uL,See lab reference chart,0,2026-05-16
91,144,145.2,mg/dL,See lab reference chart,0,2025-03-12
92,145,39.7,mg/dL,See lab reference chart,1,2026-02-13
93,146,150.2,g/dL,See lab reference chart,0,2025-10-29
94,147,63.9,,See lab reference chart,0,2025-10-29
95,148,18.8,mmol/L,See lab reference chart,0,2025-01-05
96,151,153.1,g/dL,See lab reference chart,1,2025-05-04
97,152,10.0,%,See lab reference chart,0,2025-10-13
98,155,113.5,mmol/L,See lab reference chart,0,2025-10-20
99,156,75.2,mg/dL,See lab reference chart,0,2025-06-08
100,158,12.5,mmol/L,See lab reference chart,0,2026-06-15
101,160,156.2,g/dL,See lab reference chart,0,2025-03-02
102,162,53.2,,See lab reference chart,0,2025-03-31
103,164,76.9,mmol/L,See lab reference chart,0,2025-08-04
104,165,50.0,,See lab reference chart,0,2025-08-04
105,166,105.3,,See lab reference chart,0,2026-02-05
106,168,169.3,%,See lab reference chart,0,2025-10-09
107,169,156.1,mg/dL,See lab reference chart,0,2025-10-09
108,171,150.6,cells/uL,See lab reference chart,0,2025-05-01
109,172,47.4,,See lab reference chart,0,2025-05-01
110,173,173.4,,See lab reference chart,1,2025-02-15
111,175,74.9,g/dL,See lab reference chart,0,2025-09-13
112,177,166.7,mg/dL,See lab reference chart,0,2026-05-15
113,178,128.5,cells/uL,See lab reference chart,0,2026-05-15
114,179,106.2,g/dL,See lab reference chart,1,2025-05-07
115,180,45.9,mmol/L,See lab reference chart,0,2025-05-07
116,181,92.0,%,See lab reference chart,0,2026-02-09
117,184,28.7,,See lab reference chart,0,2026-05-29
118,185,183.8,g/dL,See lab reference chart,0,2025-06-02
119,189,38.6,mg/dL,See lab reference chart,1,2025-12-09
120,191,24.2,mmol/L,See lab reference chart,0,2026-01-05
121,192,76.7,%,See lab reference chart,1,2025-07-15
122,193,165.0,g/dL,See lab reference chart,0,2026-05-01
123,194,136.7,%,See lab reference chart,0,2025-07-31
124,195,121.5,mg/dL,See lab reference chart,1,2026-07-20
125,196,59.9,mmol/L,See lab reference chart,1,2025-02-10
126,199,33.2,mmol/L,See lab reference chart,0,2026-04-02
127,201,68.4,%,See lab reference chart,0,2025-07-05
128,202,82.6,,See lab reference chart,0,2026-07-31
129,206,169.6,mg/dL,See lab reference chart,0,2026-01-06
130,208,177.1,mg/dL,See lab reference chart,0,2025-04-23
131,210,36.8,mmol/L,See lab reference chart,1,2025-12-12
132,214,10.0,mmol/L,See lab reference chart,0,2026-04-16
133,216,172.8,g/dL,See lab reference chart,1,2026-05-14
134,217,44.0,,See lab reference chart,0,2026-04-07
135,218,91.4,,See lab reference chart,0,2025-06-12
136,219,117.0,mg/dL,See lab reference chart,0,2025-01-31
137,228,60.5,g/dL,See lab reference chart,0,2026-06-28
138,230,113.9,cells/uL,See lab reference chart,1,2025-08-09
139,232,23.5,mmol/L,See lab reference chart,0,2026-06-24
140,234,140.5,g/dL,See lab reference chart,0,2025-05-03
141,235,84.7,mg/dL,See lab reference chart,0,2025-08-31
142,236,188.7,,See lab reference chart,0,2025-10-19
143,240,192.1,,See lab reference chart,0,2025-05-05
144,244,111.0,g/dL,See lab reference chart,1,2025-10-15
145,246,137.8,mmol/L,See lab reference chart,0,2026-06-01
146,247,196.1,mg/dL,See lab reference chart,0,2026-04-09
147,250,46.3,mg/dL,See lab reference chart,0,2026-03-09
148,252,25.1,%,See lab reference chart,0,2025-10-10
149,253,163.2,cells/uL,See lab reference chart,0,2025-04-24
150,254,76.3,mg/dL,See lab reference chart,0,2025-09-02
151,255,122.1,,See lab reference chart,0,2026-02-06
152,258,57.4,mg/dL,See lab reference chart,1,2025-12-09
153,260,13.5,%,See lab reference chart,0,2025-01-10
154,264,186.6,mg/dL,See lab reference chart,0,2025-12-08
155,265,105.7,g/dL,See lab reference chart,0,2025-12-08
156,266,19.7,mmol/L,See lab reference chart,0,2025-09-08
157,267,35.9,cells/uL,See lab reference chart,0,2025-09-08
158,268,185.6,%,See lab reference chart,0,2026-01-22
159,269,180.0,mmol/L,See lab reference chart,0,2026-01-22
160,271,110.1,cells/uL,See lab reference chart,0,2026-04-10
161,272,119.3,,See lab reference chart,0,2025-10-25
162,276,80.9,g/dL,See lab reference chart,0,2026-05-31
163,279,186.3,%,See lab reference chart,0,2025-09-11
164,282,69.0,g/dL,See lab reference chart,0,2025-10-18
165,288,104.6,mmol/L,See lab reference chart,0,2026-01-21
166,289,76.5,mmol/L,See lab reference chart,0,2026-01-21
167,290,66.9,mmol/L,See lab reference chart,0,2025-06-12
168,291,108.7,%,See lab reference chart,0,2025-02-08
169,292,31.8,mg/dL,See lab reference chart,0,2025-02-08
170,293,29.5,g/dL,See lab reference chart,0,2025-11-25
171,294,107.8,,See lab reference chart,0,2025-07-26
172,296,9.5,cells/uL,See lab reference chart,0,2026-07-27
173,300,68.9,,See lab reference chart,0,2025-06-11
174,302,91.5,g/dL,See lab reference chart,0,2026-02-13
175,306,91.5,%,See lab reference chart,0,2025-12-25
176,307,133.4,%,See lab reference chart,0,2025-02-26
177,310,116.2,%,See lab reference chart,0,2026-02-27
178,313,55.3,mg/dL,See lab reference chart,1,2026-05-06
179,316,36.8,,See lab reference chart,0,2026-07-21
180,319,127.5,mmol/L,See lab reference chart,0,2025-08-10
181,320,166.4,mmol/L,See lab reference chart,0,2025-02-28
182,322,34.6,mg/dL,See lab reference chart,0,2026-06-16
183,323,68.9,%,See lab reference chart,0,2025-05-16
184,324,36.0,g/dL,See lab reference chart,0,2025-10-08
185,325,122.4,,See lab reference chart,0,2025-10-08
186,326,79.5,cells/uL,See lab reference chart,0,2026-05-07
187,329,46.4,mmol/L,See lab reference chart,0,2025-05-31
188,332,141.5,g/dL,See lab reference chart,0,2026-03-02
189,333,62.9,cells/uL,See lab reference chart,1,2025-10-29
190,334,36.4,g/dL,See lab reference chart,1,2026-01-26
191,336,86.4,cells/uL,See lab reference chart,1,2026-06-25
