patient_insurance_id,patient_id,provider_id,policy_number,coverage_type,valid_from,valid_to
1,2,4,POL-854500,Comprehensive,2023-02-08,2024-02-08
2,4,1,POL-571023,Comprehensive,2024-03-19,2025-03-19
3,7,4,POL-933215,Comprehensive,2023-10-20,2024-10-19
4,9,6,POL-377370,Inpatient,2025-11-12,2026-11-12
5,11,4,POL-340977,Outpatient,2023-05-21,2024-05-20
6,12,1,POL-312177,Comprehensive,2023-02-03,2024-02-03
7,14,4,POL-734924,Inpatient,2023-11-03,2024-11-02
8,15,5,POL-921945,Comprehensive,2023-03-21,2024-03-20
9,16,1,POL-605666,Comprehensive,2023-07-10,2024-07-09
10,17,5,POL-912510,Comprehensive,2023-01-03,2024-01-03
11,19,3,POL-831531,Comprehensive,2023-03-30,2024-03-29
12,20,4,POL-467544,Comprehensive,2025-02-19,2026-02-19
13,25,3,POL-903061,Inpatient,2025-09-04,2026-09-04
14,27,5,POL-370328,Inpatient,2025-04-16,2026-04-16
15,28,6,POL-706063,Comprehensive,2023-01-15,2024-01-15
16,29,1,POL-786341,Inpatient,2025-02-07,2026-02-07
17,31,3,POL-262297,Outpatient,2023-08-07,2024-08-06
18,33,5,POL-692099,Outpatient,2025-05-17,2026-05-17
19,36,2,POL-678923,Comprehensive,2025-04-26,2026-04-26
20,37,3,POL-366105,Outpatient,2025-09-17,2026-09-17
21,40,2,POL-884140,Inpatient,2023-09-01,2024-08-31
22,41,6,POL-205149,Inpatient,2023-11-28,2024-11-27
23,42,3,POL-268546,Outpatient,2023-04-17,2024-04-16
24,44,1,POL-594580,Comprehensive,2023-10-25,2024-10-24
25,45,1,POL-332542,Outpatient,2024-06-22,2025-06-22
26,46,1,POL-520106,Comprehensive,2025-02-26,2026-02-26
27,48,5,POL-911187,Inpatient,2023-04-28,2024-04-27
28,50,2,POL-399899,Inpatient,2025-11-27,2026-11-27
29,51,5,POL-640869,Comprehensive,2025-11-11,2026-11-11
30,52,2,POL-477214,Inpatient,2023-03-15,2024-03-14
31,55,3,POL-470281,Comprehensive,2025-03-29,2026-03-29
32,56,5,POL-642892,Inpatient,2024-02-15,2025-02-14
33,58,1,POL-861411,Comprehensive,2024-08-05,2025-08-05
34,60,3,POL-735818,Inpatient,2024-04-08,2025-04-08
35,61,4,POL-373791,Inpatient,2023-01-10,2024-01-10
36,62,1,POL-627611,Outpatient,2023-05-29,2024-05-28
37,63,1,POL-370211,Comprehensive,2025-11-17,2026-11-17
38,72,4,POL-605382,Inpatient,2023-02-26,2024-02-26
39,73,4,POL-809794,Comprehensive,2024-03-27,2025-03-27
40,74,3,POL-470248,Comprehensive,2025-04-24,2026-04-24
41,75,6,POL-360316,Outpatient,2024-06-23,2025-06-23
42,76,6,POL-179721,Comprehensive,2024-12-01,2025-12-01
43,78,3,POL-701581,Outpatient,2024-03-23,2025-03-23
44,79,6,POL-623238,Comprehensive,2024-01-25,2025-01-24
45,80,6,POL-378297,Inpatient,2024-05-10,2025-05-10
46,81,2,POL-263573,Inpatient,2024-12-30,2025-12-30
47,82,1,POL-743644,Inpatient,2025-10-05,2026-10-05
48,84,1,POL-489227,Comprehensive,2025-09-14,2026-09-14
49,85,5,POL-614646,Inpatient,2024-07-16,2025-07-16
50,88,2,POL-156778,Comprehensive,2023-09-20,2024-09-19
51,90,5,POL-626883,Outpatient,2023-03-08,2024-03-07
52,91,6,POL-579404,Inpatient,2023-12-24,2024-12-23
53,93,6,POL-112394,Comprehensive,2023-01-18,2024-01-18
54,94,5,POL-441244,Outpatient,2023-07-26,2024-07-25
55,96,5,POL-348658,Outpatient,2024-06-22,2025-06-22
56,97,5,POL-483699,Inpatient,2024-12-03,2025-12-03
57,98,2,POL-834750,Outpatient,2025-05-08,2026-05-08
58,99,4,POL-572623,Inpatient,2024-07-26,2025-07-26
59,108,6,POL-595962,Inpatient,2023-11-03,2024-11-02
60,109,4,POL-990649,Comprehensive,2023-10-03,2024-10-02
61,110,6,POL-923481,Outpatient,2024-10-08,2025-10-08
62,111,5,POL-517754,Inpatient,2023-04-08,2024-04-07
63,113,3,POL-979725,Comprehensive,2025-09-02,2026-09-02
64,114,6,POL-372387,Outpatient,2024-11-16,2025-11-16
65,115,5,POL-460857,Inpatient,2024-06-11,2025-06-11
66,116,3,POL-704875,Comprehensive,2024-02-12,2025-02-11
67,118,3,POL-440881,Comprehensive,2024-12-28,2025-12-28
68,119,6,POL-182216,Outpatient,2025-07-04,2026-07-04
69,121,2,POL-771697,Outpatient,2023-12-10,2024-12-09
70,122,5,POL-990136,Inpatient,2025-04-08,2026-04-08
71,123,3,POL-428709,Outpatient,2024-04-12,2025-04-12
72,127,4,POL-884225,Comprehensive,2025-01-13,2026-01-13
73,128,4,POL-275445,Inpatient,2025-04-27,2026-04-27
74,130,2,POL-880009,Comprehensive,2024-05-30,2025-05-30
75,132,4,POL-200195,Inpatient,2023-07-30,2024-07-29
76,134,1,POL-908382,Outpatient,2023-02-23,2024-02-23
77,135,1,POL-375201,Comprehensive,2023-08-01,2024-07-31
78,136,6,POL-424398,Inpatient,2025-03-09,2026-03-09
79,137,3,POL-756912,Inpatient,2025-06-26,2026-06-26
80,138,2,POL-136862,Comprehensive,2023-02-28,2024-02-28
81,139,3,POL-589887,Comprehensive,2025-09-02,2026-09-02
82,141,2,POL-719531,Comprehensive,2023-12-29,2024-12-28
83,142,6,POL-648887,Comprehensive,2025-06-09,2026-06-09
84,144,3,POL-665883,Inpatient,2025-09-13,2026-09-13
85,146,3,POL-372427,Inpatient,2025-04-24,2026-04-24
86,147,1,POL-954987,Inpatient,2025-12-07,2026-12-07
87,148,4,POL-108721,Comprehensive,2025-12-31,2026-12-31
88,151,1,POL-936726,Outpatient,2025-05-31,2026-05-31
89,154,2,POL-687783,Outpatient,2025-04-23,2026-04-23
90,155,2,POL-968668,Outpatient,2025-03-09,2026-03-09
91,156,1,POL-755698,Inpatient,2025-05-14,2026-05-14
92,157,5,POL-398505,Comprehensive,2024-07-10,2025-07-10
93,160,1,POL-243260,Outpatient,2024-01-09,2025-01-08
94,161,4,POL-385353,Comprehensive,2025-07-16,2026-07-16
95,163,1,POL-152042,Comprehensive,2023-11-08,2024-11-07
96,164,1,POL-382271,Inpatient,2024-07-31,2025-07-31
97,167,2,POL-617555,Inpatient,2023-01-31,2024-01-31
98,168,3,POL-489438,Outpatient,2025-10-17,2026-10-17
99,170,1,POL-158760,Outpatient,2023-10-27,2024-10-26
100,172,4,POL-301528,Outpatient,2024-01-07,2025-01-06
101,175,6,POL-503489,Outpatient,2024-05-24,2025-05-24
102,176,1,POL-583220,Comprehensive,2024-02-12,2025-02-11
103,178,2,POL-508024,Comprehensive,2025-08-26,2026-08-26
104,181,6,POL-880900,Comprehensive,2023-03-28,2024-03-27
105,182,3,POL-769536,Outpatient,2025-09-12,2026-09-12
106,183,1,POL-218414,Inpatient,2024-03-22,2025-03-22
107,185,2,POL-713099,Inpatient,2024-07-19,2025-07-19
108,186,2,POL-144033,Comprehensive,2023-01-19,2024-01-19
109,188,5,POL-489439,Inpatient,2023-11-14,2024-11-13
110,189,4,POL-819265,Comprehensive,2023-07-07,2024-07-06
111,190,6,POL-162678,Outpatient,2023-05-03,2024-05-02
112,194,2,POL-685472,Comprehensive,2024-10-10,2025-10-10
113,197,2,POL-822730,Outpatient,2023-02-13,2024-02-13
114,198,2,POL-141406,Outpatient,2024-05-28,2025-05-28
115,201,4,POL-694229,Inpatient,2024-01-24,2025-01-23
116,202,3,POL-388698,Comprehensive,2025-08-17,2026-08-17
117,205,2,POL-410035,Outpatient,2025-07-09,2026-07-09
118,206,4,POL-913608,Comprehensive,2023-01-02,2024-01-02
119,207,6,POL-119629,Comprehensive,2024-01-15,2025-01-14
120,210,6,POL-790266,Comprehensive,2023-05-10,2024-05-09
121,212,6,POL-902930,Comprehensive,2025-10-15,2026-10-15
122,213,3,POL-529711,Comprehensive,2024-10-22,2025-10-22
123,214,1,POL-790897,Inpatient,2025-12-07,2026-12-07
124,215,2,POL-132792,Inpatient,2024-01-01,2024-12-31
125,216,2,POL-133362,Comprehensive,2023-07-22,2024-07-21
126,218,4,POL-754280,Comprehensive,2025-12-12,2026-12-12
127,220,2,POL-113721,Inpatient,2023-05-26,2024-05-25
128,224,6,POL-478458,Comprehensive,2023-05-05,2024-05-04
129,229,5,POL-654718,Inpatient,2024-06-28,2025-06-28
130,232,2,POL-201836,Inpatient,2025-11-29,2026-11-29
131,234,2,POL-651752,Comprehensive,2024-01-31,2025-01-30
132,235,6,POL-685549,Comprehensive,2024-01-02,2025-01-01
133,242,1,POL-930956,Inpatient,2023-12-08,2024-12-07
134,243,5,POL-789472,Inpatient,2024-11-22,2025-11-22
135,244,5,POL-469438,Outpatient,2025-06-26,2026-06-26
136,248,6,POL-966286,Comprehensive,2025-05-31,2026-05-31
137,249,2,POL-493282,Comprehensive,2024-03-14,2025-03-14
138,251,4,POL-516379,Inpatient,2025-07-05,2026-07-05
139,255,3,POL-414922,Inpatient,2023-01-14,2024-01-14
140,256,3,POL-909000,Comprehensive,2023-02-14,2024-02-14
141,259,5,POL-198867,Inpatient,2023-11-13,2024-11-12
142,260,2,POL-377860,Outpatient,2023-10-11,2024-10-10
143,262,3,POL-196369,Comprehensive,2024-09-07,2025-09-07
144,263,2,POL-858729,Outpatient,2023-06-08,2024-06-07
145,265,6,POL-724145,Comprehensive,2023-07-15,2024-07-14
146,266,6,POL-182289,Inpatient,2025-02-20,2026-02-20
147,268,4,POL-226395,Inpatient,2025-05-03,2026-05-03
148,274,5,POL-434827,Comprehensive,2023-03-26,2024-03-25
149,276,6,POL-260639,Inpatient,2024-03-28,2025-03-28
150,282,4,POL-924566,Outpatient,2024-08-16,2025-08-16
151,283,3,POL-598969,Comprehensive,2023-06-19,2024-06-18
152,285,3,POL-517885,Comprehensive,2023-06-24,2024-06-23
153,286,6,POL-899049,Inpatient,2023-09-25,2024-09-24
154,287,2,POL-514521,Comprehensive,2025-09-26,2026-09-26
155,291,2,POL-379190,Outpatient,2023-05-27,2024-05-26
156,292,5,POL-217996,Comprehensive,2023-07-03,2024-07-02
157,293,3,POL-299742,Outpatient,2024-12-14,2025-12-14
158,294,6,POL-907069,Outpatient,2023-02-19,2024-02-19
159,295,3,POL-753453,Inpatient,2025-06-24,2026-06-24
160,296,2,POL-818651,Outpatient,2024-02-13,2025-02-12
161,297,6,POL-217830,Comprehensive,2023-06-25,2024-06-24
162,298,5,POL-972881,Outpatient,2023-10-30,2024-10-29
163,299,6,POL-419939,Outpatient,2023-08-16,2024-08-15
164,300,3,POL-875959,Comprehensive,2024-03-04,2025-03-04
165,301,5,POL-886804,Outpatient,2025-12-07,2026-12-07
166,302,5,POL-828834,Comprehensive,2023-10-17,2024-10-16
167,304,6,POL-145594,Outpatient,2025-12-14,2026-12-14
168,305,3,POL-927524,Comprehensive,2024-02-16,2025-02-15
169,307,6,POL-169832,Outpatient,2023-01-18,2024-01-18
170,311,1,POL-406703,Comprehensive,2023-02-09,2024-02-09
171,312,4,POL-844162,Inpatient,2025-11-07,2026-11-07
172,314,5,POL-192296,Inpatient,2025-12-24,2026-12-24
173,315,4,POL-141683,Inpatient,2023-02-14,2024-02-14
174,317,4,POL-880550,Inpatient,2025-03-16,2026-03-16
175,318,6,POL-472640,Comprehensive,2024-12-21,2025-12-21
176,319,5,POL-951331,Inpatient,2024-07-18,2025-07-18
