patient_id,first_name,last_name,dob,gender,phone,email,sub_county,national_id,next_of_kin,next_of_kin_phone,registration_date,blood_type
1,James,Kariuki,1952-12-09,M,0727778019,james.kariuki1@gmail.com,Manyatta,28196824,Edward Kirimi,0759597086,2025-03-17,AB+
2,Anthony,Rukwaro,1936-05-27,M,0728024248,,Manyatta,38563105,Diana Kinyua,0730863865,2026-07-22,AB+
3,Susan,Njeri,1996-07-10,F,0743704923,susan.njeri3@gmail.com,Embu Town,21704528,Nancy Kagwiria,0722388090,2025-07-28,O+
4,Grace,Njue,1994-11-06,F,0784045292,grace.njue4@gmail.com,Siakago,20324461,Joyce Maina,0725015458,2025-05-14,A-
5,Paul,Muriuki,2001-03-31,M,0715614174,,Embu Town,21338649,Simon Munyi,0758024342,2026-07-20,B-
6,Cyrus,Kinyua,1998-06-17,M,0741774346,cyrus.kinyua6@gmail.com,Embu Town,25940891,Susan Karimi,0765337219,2026-07-28,A+
7,Nixon,Kiogora,2008-11-15,M,0761343880,nixon.kiogora7@gmail.com,Embu Town,35793736,Joyce Kinyua,0739854548,2025-09-12,B-
8,Beatrice,Rukwaro,1975-11-02,F,0763481198,,Embu Town,22329373,Cyrus Wangari,0747463522,2025-08-17,AB-
9,Consolata,Kiogora,1939-12-14,F,0715134794,,Mbeere South,31599334,Joyce Kirimi,0752101056,2025-04-29,O+
10,Patrick,Wangari,1980-09-14,M,0782269803,patrick.wangari10@gmail.com,Gachoka,26611401,Mary Karwitha,0758884978,2025-02-15,O+
11,Cyrus,Kiogora,1991-04-29,M,0799508850,cyrus.kiogora11@gmail.com,Mbeere South,29920542,Nancy Rukwaro,0784411983,2025-05-08,B+
12,Simon,Gikonyo,1966-03-24,M,0750785405,,Mbeere South,39461059,Rose Njue,0791424737,2025-11-05,AB-
13,Emily,Maina,1973-05-06,F,0798429450,,Siakago,31247051,Caroline Wanjiru,0722534217,2026-06-08,B-
14,Esther,Wangari,1961-06-09,F,0792043803,esther.wangari14@gmail.com,Manyatta,35281230,Stephen Nyokabi,0765625330,2025-01-26,B-
15,Irene,Wachira,1978-10-11,F,0767062156,,Embu Town,37379778,Vincent Kinyua,0772350830,2025-06-01,A+
16,Martin,Mutuma,2016-11-25,M,0785017682,martin.mutuma16@gmail.com,Embu Town,,Consolata Karwitha,0769401199,2025-05-17,
17,Peris,Maina,1963-07-23,F,0795585469,,Embu Town,37491919,Agnes Muriithi,0775041510,2026-05-02,B-
18,Emily,Njeru,1986-04-08,F,0782498004,,Runyenjes,27759847,Catherine Njiru,0761410126,2025-08-29,B+
19,Peter,Kamau,2008-02-19,M,0737760841,peter.kamau19@gmail.com,Mbeere South,39598452,Mercy Gitonga,0712621534,2025-12-05,O+
20,Mary,Kithinji,1988-07-30,F,0775529051,,Mbeere South,36295441,Rose Nyaga,0713895645,2026-02-04,O+
21,Consolata,Wachira,1964-08-12,F,0762884503,consolata.wachira21@gmail.com,Gachoka,20909393,Bernard Mwangi,0721267237,2026-04-24,O+
22,Geoffrey,Kariuki,1967-08-10,M,0738408562,geoffrey.kariuki22@gmail.com,Mbeere North,32721364,Purity Njiru,0747346970,2025-02-21,O+
23,Peris,Kiragu,2019-05-22,F,0797260863,,Gachoka,,Brian Nyaga,0715403355,2025-01-20,A+
24,Samuel,Mwangi,1962-05-05,M,0785694715,samuel.mwangi24@gmail.com,Mbeere South,28598111,Charles Mutuma,0759512272,2025-09-02,B+
25,Alex,Wanjiru,1990-10-23,M,0787282128,alex.wanjiru25@gmail.com,Mbeere South,33309514,Martin Rukwaro,0736619372,2025-04-21,A-
26,Joseph,Rukwaro,1956-09-20,M,0798787891,joseph.rukwaro26@gmail.com,Siakago,31449818,Rose Njoroge,0711698142,2025-02-12,O+
27,Ann,Njoroge,1999-12-27,F,0780027662,ann.njoroge27@gmail.com,Mbeere North,38058086,Simon Muthoni,0774893936,2026-04-16,O-
28,Peris,Mugambi,1992-10-30,F,0742730796,peris.mugambi28@gmail.com,Siakago,32716770,Francis Maina,0755150390,2025-09-09,A+
29,Rachael,Njiru,1967-08-18,F,0755679506,,Siakago,29270035,Brian Kirimi,0784597009,2026-05-15,A+
30,Peter,Muriithi,2007-12-04,M,0796691619,peter.muriithi30@gmail.com,Mbeere South,20578587,Elijah Nyokabi,0722489409,2026-05-16,AB+
31,Patrick,Muriithi,1989-12-10,M,0756138336,patrick.muriithi31@gmail.com,Gachoka,38467972,Rose Karwitha,0754398056,2026-01-13,AB-
32,Agnes,Rukwaro,1980-02-09,F,0752352128,,Siakago,26212597,Nixon Wangari,0735708194,2025-08-25,B-
33,Agnes,Karwitha,1985-10-11,F,0758436637,,Manyatta,37922599,Dennis Nyaga,0726989677,2025-04-13,AB+
34,John,Nkonge,1957-08-28,M,0787049595,,Mbeere South,34779680,Geoffrey Njue,0755728776,2026-05-18,B+
35,Francis,Nyokabi,1955-06-21,M,0787446468,francis.nyokabi35@gmail.com,Manyatta,25091113,Irene Njeru,0730024960,2025-03-08,AB+
36,Stephen,Mutuma,2009-09-03,M,0749910061,stephen.mutuma36@gmail.com,Mbeere South,,Emily Maina,0750987442,2025-08-20,A+
37,Alex,Njeri,1972-11-11,M,0733328859,alex.njeri37@gmail.com,Runyenjes,20089782,David Muriithi,0764830300,2025-09-28,O-
38,Elizabeth,Muriuki,1976-07-14,F,0719553585,elizabeth.muriuki38@gmail.com,Mbeere North,39790054,Damaris Kariuki,0798742485,2025-10-23,B-
39,Ann,Nyaga,1961-09-25,F,0732269779,ann.nyaga39@gmail.com,Siakago,39099419,Peter Gitonga,0748736657,2025-09-30,O-
40,Anthony,Rukwaro,2007-03-22,M,0790267122,,Mbeere South,30815317,Emily Kiragu,0791029073,2025-10-06,AB+
41,Peter,Nyaga,1938-09-21,M,0773149551,peter.nyaga41@gmail.com,Mbeere South,29333385,Alex Muthoni,0734359060,2025-10-03,O+
42,Jane,Nyokabi,1997-06-07,F,0731585546,,Gachoka,36625181,Catherine Kinyua,0748683937,2026-02-23,O+
43,Anthony,Kiragu,1991-06-08,M,0779067939,anthony.kiragu43@gmail.com,Manyatta,38206419,Ann Wachira,0772005415,2025-09-16,O+
44,Samuel,Karwitha,1999-11-30,M,0737321124,,Runyenjes,29664654,Judy Gitonga,0768802946,2026-05-26,O-
45,James,Muriithi,1963-06-02,M,0722510327,,Embu Town,23807123,Paul Kamau,0771934487,2025-11-15,A-
46,Charles,Nkonge,1984-01-23,M,0771308842,charles.nkonge46@gmail.com,Mbeere South,26395822,Irene Muriithi,0790447099,2026-03-02,
47,Geoffrey,Njeru,1984-07-26,M,0745859307,geoffrey.njeru47@gmail.com,Mbeere North,30017871,Diana Kawira,0788777447,2026-03-01,O-
48,Anthony,Nyokabi,1996-12-04,M,0735320492,anthony.nyokabi48@gmail.com,Runyenjes,39186345,Emily Njiru,0761401477,2025-12-07,B-
49,Grace,Njiru,2019-11-12,F,0776481885,grace.njiru49@gmail.com,Runyenjes,,Consolata Karimi,0777416376,2026-01-26,AB-
50,Geoffrey,Maina,1952-11-21,M,0765026398,geoffrey.maina50@gmail.com,Runyenjes,22510819,Mary Karimi,0773013961,2026-06-23,AB+
51,Susan,Wachira,1949-05-30,F,0782613940,,Manyatta,27877582,Catherine Kagwiria,0794712997,2025-12-03,AB+
52,Nixon,Kiragu,2012-11-12,M,0750193656,nixon.kiragu52@gmail.com,Manyatta,,Anthony Wanjiru,0753536830,2025-04-11,A+
53,Beatrice,Murithi,2012-04-11,F,0785957578,beatrice.murithi53@gmail.com,Runyenjes,,Edward Kamau,0732814819,2025-05-30,B+
54,Bernard,Gikonyo,1978-03-19,M,0795618110,,Mbeere North,20315325,Stephen Kariuki,0772445234,2026-05-25,AB+
55,Peter,Maina,1997-01-01,M,0771315464,peter.maina55@gmail.com,Runyenjes,32908163,Damaris Kirimi,0774855088,2025-11-03,A-
56,Patrick,Kithinji,1988-02-02,M,0746840133,,Embu Town,21645651,Felix Wachira,0791390501,2025-10-30,O-
57,Judy,Nyaga,1998-03-20,F,0798473848,judy.nyaga57@gmail.com,Runyenjes,23260280,Bernard Kirimi,0794216001,2025-08-13,A+
58,Caroline,Maina,1940-12-26,F,0753851498,caroline.maina58@gmail.com,Runyenjes,26737555,Peter Nkonge,0727738187,2026-01-09,
59,Nancy,Kawira,1983-11-25,F,0749613214,nancy.kawira59@gmail.com,Mbeere North,23864454,Diana Nyokabi,0772858374,2025-06-18,A-
60,Alex,Nyaga,2006-04-22,M,0711868130,,Manyatta,35260086,Jane Wachira,0759470729,2026-07-25,AB+
61,Peris,Murithi,1954-06-10,F,0791883846,,Manyatta,35578233,Mary Njiru,0750559278,2025-08-28,O+
62,Daniel,Muriuki,1941-09-04,M,0741514326,daniel.muriuki62@gmail.com,Runyenjes,33040790,Ann Kinyua,0770887034,2025-11-08,AB-
63,Winnie,Karimi,2009-06-10,F,0747546086,,Mbeere North,,Susan Kamau,0739161443,2025-04-12,O-
64,Esther,Murithi,1952-10-29,F,0747028180,,Manyatta,35257783,Grace Wachira,0722304198,2026-01-12,B-
65,John,Kiogora,1978-09-14,M,0788703005,,Embu Town,27818138,Peter Njeri,0754098516,2025-05-09,B+
66,Francis,Karimi,1958-04-29,M,0724754064,francis.karimi66@gmail.com,Manyatta,24422582,Caroline Muthoni,0711994519,2026-07-08,AB-
67,Moses,Njiru,1937-10-31,M,0766500369,moses.njiru67@gmail.com,Gachoka,22132653,Grace Munyi,0773920651,2025-06-28,O-
68,Nancy,Kinyua,2016-02-07,F,0798436473,nancy.kinyua68@gmail.com,Mbeere South,,Bernard Muriuki,0796347724,2026-05-31,A+
69,Charles,Wachira,2011-06-27,M,0719863756,charles.wachira69@gmail.com,Mbeere North,,Damaris Maina,0791644298,2025-04-21,B+
70,Daniel,Mugambi,1993-05-07,M,0791259008,daniel.mugambi70@gmail.com,Embu Town,23839099,Emily Kawira,0797874085,2026-01-26,
71,Simon,Maina,1975-12-31,M,0763516659,simon.maina71@gmail.com,Manyatta,30487382,Peris Kariuki,0767279295,2026-02-28,AB-
72,Beatrice,Karimi,2020-02-05,F,0722513132,beatrice.karimi72@gmail.com,Gachoka,,Felix Kiragu,0760015814,2025-03-10,B+
73,Moses,Kiogora,1956-12-06,M,0716904975,moses.kiogora73@gmail.com,Siakago,30484045,Rachael Njoroge,0757197152,2026-02-25,A-
74,Daniel,Nyokabi,1975-03-28,M,0725419645,daniel.nyokabi74@gmail.com,Siakago,27588639,Rachael Murithi,0767594492,2025-04-21,
75,Bernard,Mugambi,1940-03-12,M,0755610493,bernard.mugambi75@gmail.com,Runyenjes,24806722,Damaris Rukwaro,0786010330,2025-07-04,O+
76,Daniel,Mwangi,1951-06-19,M,0770887307,,Mbeere North,30456814,Patrick Kamau,0753537934,2026-06-28,A-
77,Daniel,Wanjiru,1943-12-06,M,0775184410,daniel.wanjiru77@gmail.com,Mbeere South,29165958,Emily Njoroge,0738933176,2025-03-25,
78,Brian,Njoroge,1954-11-24,M,0716095815,,Siakago,21838177,Nancy Rukwaro,0711031743,2025-10-18,B-
79,Lucy,Munyi,1980-11-05,F,0776757928,lucy.munyi79@gmail.com,Runyenjes,24334752,Ann Njue,0761030579,2025-10-24,
80,Edward,Kithinji,1947-12-07,M,0771707170,edward.kithinji80@gmail.com,Embu Town,30504571,Simon Mwangi,0787277086,2026-02-11,O+
81,Damaris,Kamau,1986-12-12,F,0733068427,damaris.kamau81@gmail.com,Siakago,35438290,Mary Njiru,0758567046,2025-04-28,A-
82,Rachael,Kinyua,1978-08-28,F,0763118906,rachael.kinyua82@gmail.com,Gachoka,31392175,Nancy Kiragu,0739738898,2026-03-23,AB-
83,Peter,Kawira,1955-06-17,M,0757123808,peter.kawira83@gmail.com,Embu Town,24955648,Vincent Kithinji,0741711468,2026-06-28,A-
84,Francis,Wangari,1966-02-17,M,0772270726,francis.wangari84@gmail.com,Embu Town,39443722,David Kagwiria,0770251043,2025-06-06,AB-
85,Faith,Maina,1947-04-03,F,0746866075,faith.maina85@gmail.com,Mbeere North,37023401,Loise Rukwaro,0719957701,2026-04-26,AB+
86,Emily,Muriuki,1945-03-17,F,0792545028,emily.muriuki86@gmail.com,Mbeere South,35526026,Jane Kiragu,0787890494,2026-01-13,
87,Anthony,Wangari,1992-09-09,M,0723891786,anthony.wangari87@gmail.com,Embu Town,31523859,John Maina,0721318464,2026-05-03,
88,John,Muriithi,2013-07-18,M,0747969333,john.muriithi88@gmail.com,Embu Town,,Brian Murithi,0755414869,2026-03-26,A+
89,Jane,Kiogora,1951-12-16,F,0798122539,jane.kiogora89@gmail.com,Siakago,25045691,Elizabeth Kirimi,0754743095,2026-07-26,A-
90,Martin,Kithinji,1990-08-31,M,0751551377,martin.kithinji90@gmail.com,Gachoka,31021844,Bernard Kiragu,0727152188,2026-02-06,
91,Erastus,Njoroge,1999-12-03,M,0738748452,,Embu Town,36316544,Elizabeth Muthoni,0735770506,2025-01-19,B-
92,Daniel,Njeru,1988-01-28,M,0792950779,,Mbeere South,25175863,Cyrus Kiogora,0731776452,2025-04-14,B+
93,Nixon,Maina,1942-11-03,M,0769619341,nixon.maina93@gmail.com,Embu Town,35063522,Consolata Muriithi,0741407343,2026-02-25,
94,Dennis,Nyokabi,1969-10-24,M,0761254050,dennis.nyokabi94@gmail.com,Mbeere South,25437769,Emily Nkonge,0736802975,2026-01-12,B+
95,Grace,Nyokabi,2001-08-09,F,0726733967,,Embu Town,25379189,Elijah Karwitha,0746613428,2026-07-22,O-
96,Felix,Njoroge,1951-06-16,M,0713579612,felix.njoroge96@gmail.com,Mbeere South,36844563,Sarah Kithinji,0760192261,2025-08-16,B-
97,Jane,Murithi,1975-04-16,F,0797236246,,Runyenjes,24617076,Diana Kinyua,0715140967,2025-01-29,AB+
98,Damaris,Munyi,2019-03-04,F,0712550658,,Embu Town,,Vincent Kiragu,0730068183,2026-04-05,
99,Ann,Nkonge,1977-08-21,F,0766348030,ann.nkonge99@gmail.com,Siakago,35338187,John Muriithi,0718429833,2025-11-05,A-
100,Susan,Mwangi,1978-05-30,F,0792518345,susan.mwangi100@gmail.com,Siakago,33977689,Mercy Njue,0735140847,2025-05-28,A-
101,Jane,Karwitha,1938-08-25,F,0760103798,,Manyatta,31982082,Grace Gikonyo,0719067690,2026-02-04,AB-
102,Nixon,Kinyua,1994-08-30,M,0796274567,,Embu Town,35590157,Brian Kiogora,0774227366,2025-05-17,B+
103,Peter,Kariuki,1941-08-20,M,0715624520,,Mbeere North,37293403,John Wangari,0763448727,2025-10-28,
104,Agnes,Muriuki,1969-04-16,F,0798010774,,Manyatta,32348674,Rachael Gitonga,0768646621,2025-10-20,O+
105,Sarah,Gikonyo,1995-11-01,F,0759304469,sarah.gikonyo105@gmail.com,Siakago,28949661,Damaris Kagwiria,0721087928,2025-07-11,O+
106,Simon,Muthoni,1987-09-17,M,0798707076,,Mbeere South,34298082,Peter Njiru,0732366682,2025-11-25,O-
107,Emily,Muriuki,1998-04-05,F,0720071854,emily.muriuki107@gmail.com,Mbeere South,32190698,Loise Gitonga,0778865239,2026-03-22,B+
108,Daniel,Maina,1941-03-30,M,0758607028,daniel.maina108@gmail.com,Siakago,21086671,Stephen Murithi,0791214453,2025-05-10,B+
109,Beatrice,Murithi,2014-08-28,F,0763423225,,Mbeere North,,Edward Murithi,0743502308,2025-03-20,A-
110,Nixon,Muthoni,2024-07-17,M,0745135070,nixon.muthoni110@gmail.com,Gachoka,,Diana Mutuma,0769897763,2026-06-15,B-
111,Damaris,Kagwiria,1970-12-01,F,0770672142,,Gachoka,34935453,Geoffrey Njeru,0721783073,2025-05-06,AB-
112,Damaris,Njeru,1987-02-06,F,0758518659,damaris.njeru112@gmail.com,Manyatta,26743782,Elijah Muthoni,0728639738,2025-11-04,B-
113,Mary,Murithi,2001-03-11,F,0718824561,,Gachoka,36061335,Bernard Kiragu,0780557676,2026-04-24,O+
114,Peris,Njeru,1957-06-27,F,0779438885,,Embu Town,38498673,Anthony Kariuki,0795871687,2025-11-21,B+
115,Simon,Kawira,1944-12-10,M,0731738837,,Gachoka,27565527,Dennis Wanjiru,0756442431,2025-05-08,
116,Rachael,Kiragu,1979-12-19,F,0792467167,rachael.kiragu116@gmail.com,Siakago,25658481,Faith Rukwaro,0789431184,2025-07-21,B+
117,Cyrus,Kiogora,1942-05-23,M,0797393186,,Siakago,33978332,John Kirimi,0792961108,2025-01-30,A+
118,Sarah,Nkonge,1989-03-16,F,0749920898,sarah.nkonge118@gmail.com,Gachoka,22010347,Victor Wachira,0731217198,2026-05-10,O-
119,Irene,Kariuki,1971-08-10,F,0756354851,irene.kariuki119@gmail.com,Runyenjes,32433265,Kevin Njiru,0779119463,2025-12-15,
120,Kevin,Muriithi,2018-09-12,M,0728908276,,Mbeere North,,Emily Muriithi,0761559717,2025-05-06,O+
121,Geoffrey,Wanjiru,1993-10-01,M,0776876068,geoffrey.wanjiru121@gmail.com,Mbeere South,36735598,Alex Wanjiru,0751411602,2025-11-17,O-
122,Peter,Wachira,2017-01-15,M,0716530784,,Mbeere South,,Moses Kithinji,0790197611,2025-09-04,O-
123,Rose,Njue,1954-04-15,F,0759093843,rose.njue123@gmail.com,Mbeere North,21518082,Vincent Kirimi,0763765155,2026-03-18,A+
124,Brian,Nkonge,1948-03-11,M,0793650068,brian.nkonge124@gmail.com,Manyatta,24317226,Judy Mugambi,0722976369,2026-01-31,O+
125,Caroline,Kiogora,2000-08-07,F,0763873262,caroline.kiogora125@gmail.com,Manyatta,21305736,Bernard Kawira,0728392710,2025-05-28,AB-
126,Nancy,Kariuki,1961-09-21,F,0731810655,nancy.kariuki126@gmail.com,Siakago,30040638,Kevin Njiru,0789688374,2026-06-12,AB-
127,Damaris,Rukwaro,2020-03-17,F,0765907088,damaris.rukwaro127@gmail.com,Embu Town,,Catherine Mutuma,0794457912,2025-01-18,A+
128,Agnes,Nyaga,1944-03-19,F,0729834119,agnes.nyaga128@gmail.com,Runyenjes,21059330,Edward Gikonyo,0786849080,2026-05-07,A-
129,James,Maina,1991-04-15,M,0765079923,james.maina129@gmail.com,Siakago,35824453,Simon Njeri,0718359252,2026-03-05,B+
130,Paul,Njiru,2020-10-31,M,0771694994,paul.njiru130@gmail.com,Mbeere North,,Catherine Muthoni,0783319550,2026-06-23,AB-
131,Susan,Nyokabi,1969-07-01,F,0740181142,susan.nyokabi131@gmail.com,Mbeere North,29697369,Rose Rukwaro,0737820354,2025-09-10,O-
132,Irene,Kithinji,1984-01-25,F,0762953249,irene.kithinji132@gmail.com,Embu Town,24914923,Moses Gikonyo,0748983895,2025-10-22,A+
133,Damaris,Kiragu,1997-02-23,F,0738720823,,Siakago,29097704,Eunice Nyokabi,0785432781,2026-03-29,AB+
134,Joseph,Muriithi,1978-07-03,M,0717045237,,Mbeere North,35851244,Erastus Nyaga,0723494908,2025-02-21,B+
135,Paul,Wanjiru,2008-01-05,M,0748553376,,Gachoka,21985166,Loise Wangari,0722007214,2026-05-03,B-
136,Martin,Muthoni,2009-12-24,M,0776489301,,Gachoka,,Felix Wachira,0748851599,2025-06-30,A+
137,Dennis,Kinyua,1995-02-12,M,0776291802,dennis.kinyua137@gmail.com,Runyenjes,36918569,Loise Karwitha,0772816684,2025-10-19,AB+
138,Victor,Mutuma,1994-05-02,M,0734991216,,Mbeere North,29899371,Loise Kirimi,0786206305,2025-06-16,B-
139,Bernard,Wachira,2011-09-28,M,0799826000,,Runyenjes,,Jane Wachira,0774082804,2026-06-12,AB-
140,James,Kirimi,2003-10-28,M,0754241559,,Gachoka,39222574,Judy Mugambi,0711534878,2025-08-30,AB+
141,Damaris,Muriithi,1946-02-23,F,0764414096,damaris.muriithi141@gmail.com,Gachoka,30434688,Elizabeth Wanjiru,0725759274,2025-05-02,AB+
142,Susan,Nyaga,1974-04-26,F,0791300905,susan.nyaga142@gmail.com,Gachoka,38429251,Faith Kariuki,0773193474,2025-05-17,
143,Alex,Muriithi,1949-09-09,M,0720482769,alex.muriithi143@gmail.com,Manyatta,22072256,Nancy Murithi,0783504237,2026-06-23,
144,Moses,Karimi,1964-07-10,M,0788268756,moses.karimi144@gmail.com,Siakago,34947918,Ann Njeri,0717467311,2025-12-02,O-
145,Edward,Kamau,2016-12-17,M,0751361818,edward.kamau145@gmail.com,Mbeere South,,Paul Kariuki,0744152669,2026-08-01,A+
146,Moses,Njeru,1943-02-16,M,0782633735,moses.njeru146@gmail.com,Manyatta,35840081,Damaris Njeru,0714259382,2026-03-10,AB+
147,Joyce,Munyi,2010-06-04,F,0760418290,,Gachoka,,Emily Gikonyo,0782383656,2026-01-19,B+
148,Ann,Muthoni,2005-07-11,F,0710466177,ann.muthoni148@gmail.com,Mbeere North,35535832,Nixon Nyaga,0783074216,2026-06-26,O+
149,Peris,Nyaga,1979-05-30,F,0735297417,peris.nyaga149@gmail.com,Gachoka,23786437,Faith Mugambi,0714324134,2026-04-17,O+
150,Stephen,Njeri,1947-01-27,M,0742847661,stephen.njeri150@gmail.com,Mbeere South,34729147,Anthony Gitonga,0741452485,2025-04-14,
151,Alex,Gitonga,1960-02-22,M,0787507357,alex.gitonga151@gmail.com,Gachoka,30759735,Esther Njiru,0741796721,2026-05-31,AB+
152,Cyrus,Karwitha,1974-08-30,M,0784721440,cyrus.karwitha152@gmail.com,Gachoka,25876494,Agnes Gitonga,0794019376,2026-02-28,O+
153,Grace,Kithinji,2003-05-23,F,0764795619,,Mbeere South,26169954,Damaris Kamau,0782199509,2026-06-22,O-
154,Geoffrey,Nyaga,1988-12-17,M,0785482164,geoffrey.nyaga154@gmail.com,Mbeere South,38699440,Diana Gitonga,0781134297,2025-05-28,B+
155,Esther,Kirimi,1971-06-26,F,0759805178,,Gachoka,26391502,Martin Maina,0716917129,2025-12-05,AB+
156,Consolata,Muriuki,1948-01-22,F,0754689713,,Manyatta,27107089,Charles Njeri,0735504548,2025-07-12,A-
157,Diana,Muriithi,1971-09-11,F,0747991562,diana.muriithi157@gmail.com,Siakago,32054750,Paul Njiru,0751395738,2026-02-11,AB+
158,Nancy,Kagwiria,2018-08-13,F,0737263310,nancy.kagwiria158@gmail.com,Mbeere South,,Judy Njiru,0716135823,2025-04-11,B-
159,James,Kirimi,2009-12-04,M,0740872577,james.kirimi159@gmail.com,Embu Town,,Samuel Kiogora,0742981324,2025-10-30,O-
160,Agnes,Kagwiria,2023-01-10,F,0732718459,,Siakago,,Nixon Kithinji,0775540707,2026-04-17,B+
161,Edward,Muriuki,1948-05-03,M,0794651342,,Gachoka,25067714,Simon Munyi,0711226946,2025-02-19,B-
162,Beatrice,Gitonga,2021-09-13,F,0711590610,,Gachoka,,James Kamau,0746875077,2026-05-15,
163,Mary,Kawira,2012-04-04,F,0780381817,,Runyenjes,,Martin Kinyua,0793185576,2025-07-03,
164,Peris,Kithinji,1982-12-19,F,0771605634,peris.kithinji164@gmail.com,Gachoka,27578511,Brian Wachira,0750261914,2026-02-11,A-
165,Peter,Wachira,2003-01-19,M,0733002714,,Embu Town,34559591,Grace Njue,0796557984,2026-01-22,AB-
166,Vincent,Karwitha,1942-08-20,M,0746385762,,Manyatta,29407757,Vincent Nyokabi,0782884346,2025-08-24,A+
167,Martin,Njiru,1937-10-23,M,0720326375,,Siakago,28068907,Alex Wachira,0786060638,2025-08-01,O+
168,Purity,Munyi,1949-01-26,F,0768664992,,Manyatta,31428396,Grace Kinyua,0791224373,2026-05-28,O+
169,Mary,Mugambi,2015-11-04,F,0767961650,,Siakago,,Brian Gikonyo,0798673882,2026-05-18,O+
170,Alex,Nkonge,1979-03-22,M,0761002735,alex.nkonge170@gmail.com,Gachoka,25176673,Francis Karimi,0762294176,2025-03-17,AB-
171,Ann,Kiragu,1935-12-07,F,0723721268,,Runyenjes,34461272,Beatrice Mugambi,0770242778,2025-11-12,
172,Ann,Mwangi,1951-01-30,F,0761705758,,Mbeere South,33012393,Bernard Njiru,0721368176,2025-12-29,
173,Moses,Karwitha,1965-06-05,M,0750417154,,Runyenjes,22122893,Daniel Mugambi,0732442197,2026-01-25,O+
174,Mercy,Rukwaro,2021-11-19,F,0793890601,mercy.rukwaro174@gmail.com,Siakago,,Agnes Muriithi,0736246038,2025-03-20,O-
175,Daniel,Rukwaro,1936-03-19,M,0754230340,daniel.rukwaro175@gmail.com,Mbeere South,39944516,Peris Gikonyo,0728270317,2026-02-10,AB+
176,Susan,Wangari,2020-12-12,F,0749117508,susan.wangari176@gmail.com,Gachoka,,Patrick Njiru,0775901885,2025-11-18,B-
177,Purity,Mugambi,2005-07-03,F,0789487366,purity.mugambi177@gmail.com,Runyenjes,38458264,Martin Wangari,0713612618,2026-01-09,O-
178,Anthony,Nkonge,1947-05-30,M,0742483531,,Runyenjes,34197818,Faith Rukwaro,0760598851,2026-02-23,A-
179,Susan,Nyokabi,2006-12-01,F,0758255231,susan.nyokabi179@gmail.com,Embu Town,38015575,Rose Muriuki,0789701163,2026-07-02,A-
180,Alex,Muriithi,1998-09-12,M,0754506155,alex.muriithi180@gmail.com,Mbeere South,23554909,Moses Wachira,0711415698,2025-06-20,A-
181,Esther,Kawira,1974-08-29,F,0788999206,esther.kawira181@gmail.com,Runyenjes,31575184,Purity Kariuki,0713296743,2026-04-02,O-
182,Dennis,Kamau,1950-05-28,M,0756045630,dennis.kamau182@gmail.com,Runyenjes,37485712,Brian Rukwaro,0774817230,2025-04-29,AB-
183,Ann,Maina,2016-03-07,F,0725446483,,Mbeere North,,Dennis Muriuki,0796969050,2025-11-23,A-
184,Martin,Muriithi,1966-04-20,M,0772015859,,Mbeere South,26189174,Kevin Njoroge,0735016429,2026-07-20,O+
185,Mary,Wangari,2015-09-01,F,0737619925,,Gachoka,,Mary Njeri,0718397164,2026-03-16,A-
186,Brian,Njiru,1970-05-12,M,0780828710,brian.njiru186@gmail.com,Mbeere North,33040569,Francis Kagwiria,0792048427,2026-04-14,O+
187,Brian,Kithinji,2017-02-25,M,0727978165,,Runyenjes,,Diana Kiragu,0750987410,2025-06-26,A-
188,Brian,Karimi,2004-09-13,M,0766779304,,Gachoka,38031456,Moses Gikonyo,0796605343,2026-03-05,B+
189,Charles,Nkonge,1960-03-04,M,0793135800,,Mbeere North,20321566,Peris Maina,0775043108,2025-07-11,B+
190,Felix,Gikonyo,2023-10-24,M,0775592138,,Siakago,,Mercy Maina,0714142053,2026-02-23,B-
191,Grace,Mugambi,1975-05-06,F,0785920319,grace.mugambi191@gmail.com,Embu Town,36619957,Joyce Kariuki,0783782999,2026-07-05,
192,Moses,Mutuma,1983-01-25,M,0769239219,moses.mutuma192@gmail.com,Mbeere South,23436525,Rose Muriuki,0797734330,2026-07-11,B-
193,Rachael,Muriuki,2015-09-11,F,0768930964,rachael.muriuki193@gmail.com,Manyatta,,Rachael Kiragu,0741802361,2025-09-27,B-
194,Rachael,Njoroge,1964-10-12,F,0717966873,rachael.njoroge194@gmail.com,Siakago,29431648,Felix Njeri,0790108882,2025-05-23,
195,Kevin,Nkonge,1986-11-30,M,0717957216,kevin.nkonge195@gmail.com,Embu Town,24257660,Daniel Kamau,0727809465,2025-10-01,B-
196,Elijah,Njiru,1979-06-02,M,0794263610,elijah.njiru196@gmail.com,Mbeere South,22533905,Faith Mugambi,0795044078,2026-02-07,A-
197,Nancy,Mugambi,2001-03-22,F,0722501261,nancy.mugambi197@gmail.com,Mbeere South,32019960,Catherine Njue,0718500100,2026-04-11,
198,Lucy,Njoroge,1973-01-04,F,0755332729,lucy.njoroge198@gmail.com,Runyenjes,38996576,Catherine Nkonge,0775140950,2026-05-22,AB-
199,John,Kinyua,2017-06-18,M,0769228397,john.kinyua199@gmail.com,Mbeere South,,Martin Wanjiru,0737154689,2025-01-17,B+
200,Joyce,Mugambi,1951-10-01,F,0799188862,joyce.mugambi200@gmail.com,Runyenjes,21737692,Jane Murithi,0763196064,2026-01-05,AB+
201,Simon,Kiragu,1952-01-29,M,0727810664,simon.kiragu201@gmail.com,Siakago,34933966,Charles Njeru,0711246473,2025-01-02,A+
202,Peris,Mutuma,2010-10-10,F,0761414775,,Embu Town,,Jane Nyaga,0723747542,2025-05-16,A-
203,Beatrice,Rukwaro,1959-08-09,F,0719182050,beatrice.rukwaro203@gmail.com,Manyatta,25506837,Erastus Karimi,0769069144,2026-01-27,AB-
204,Erastus,Karimi,2008-11-14,M,0728792245,erastus.karimi204@gmail.com,Siakago,32885972,Peter Kinyua,0757182314,2026-03-30,O+
205,Caroline,Munyi,1979-06-17,F,0713600310,caroline.munyi205@gmail.com,Gachoka,30121672,Stephen Nkonge,0737574457,2025-10-11,
206,Nixon,Wachira,1988-01-11,M,0725132198,,Gachoka,39928976,Charles Gikonyo,0719531069,2025-02-25,
207,Brian,Njiru,1958-09-06,M,0773218512,brian.njiru207@gmail.com,Embu Town,22449199,Beatrice Muthoni,0712240013,2026-02-01,A-
208,Francis,Njeri,1942-02-23,M,0794365330,francis.njeri208@gmail.com,Embu Town,33939584,Nancy Nkonge,0766851305,2025-03-03,O+
209,Erastus,Karimi,1984-10-14,M,0737272705,erastus.karimi209@gmail.com,Runyenjes,37998267,Jane Kawira,0753855682,2025-03-27,O+
210,Dennis,Njoroge,1977-10-26,M,0725567455,dennis.njoroge210@gmail.com,Siakago,21846454,Peter Njoroge,0751512209,2025-03-01,B+
211,James,Munyi,1937-01-13,M,0779420474,james.munyi211@gmail.com,Gachoka,28698884,Beatrice Karwitha,0732409388,2025-06-17,AB-
212,Nixon,Mugambi,1956-03-07,M,0746504617,nixon.mugambi212@gmail.com,Mbeere North,39349219,Caroline Njoroge,0794226031,2025-01-31,A-
213,Emily,Kawira,1999-08-14,F,0759350218,,Embu Town,23452915,Rachael Wanjiru,0787029205,2025-02-26,A-
214,Nixon,Kawira,1935-06-18,M,0773319171,nixon.kawira214@gmail.com,Runyenjes,26004932,Stephen Muriuki,0714746418,2025-02-15,
215,Esther,Njiru,1979-07-19,F,0786710258,esther.njiru215@gmail.com,Siakago,21767384,Agnes Njeru,0734071191,2026-03-03,B-
216,Patrick,Njeru,2018-06-14,M,0784234670,patrick.njeru216@gmail.com,Mbeere North,,Catherine Kiragu,0736933626,2025-10-17,AB+
217,Eunice,Muriithi,2018-03-29,F,0783357939,eunice.muriithi217@gmail.com,Runyenjes,,Judy Wangari,0730208677,2026-01-13,A+
218,Mary,Nyaga,1997-02-27,F,0751273379,,Siakago,27991578,Mary Gikonyo,0766346728,2025-01-10,O-
219,Daniel,Mugambi,1951-09-10,M,0765439545,daniel.mugambi219@gmail.com,Mbeere North,35383298,Vincent Karwitha,0721395409,2025-02-14,A-
220,Erastus,Wachira,1948-06-05,M,0741778964,,Embu Town,30569945,Consolata Munyi,0762741214,2025-03-05,AB-
221,Emily,Mugambi,1976-11-30,F,0730858851,,Mbeere South,35638214,Daniel Kinyua,0752148834,2025-03-18,O+
222,Paul,Kithinji,1972-04-03,M,0726094525,,Embu Town,30207760,Emily Kirimi,0790973889,2026-04-08,A+
223,Felix,Njiru,1961-08-12,M,0778915391,,Mbeere North,28729748,Brian Wachira,0733336132,2025-04-04,A+
224,Rachael,Maina,1979-10-31,F,0726301180,,Embu Town,27458752,Ann Munyi,0727544302,2025-04-07,B-
225,Beatrice,Kiragu,1981-06-10,F,0796702893,beatrice.kiragu225@gmail.com,Runyenjes,23086290,Peter Wangari,0754499873,2025-03-18,A-
226,Anthony,Gitonga,1965-02-21,M,0761369075,anthony.gitonga226@gmail.com,Runyenjes,31876364,Irene Mwangi,0738818707,2026-03-20,B+
227,Agnes,Maina,1961-09-01,F,0776960098,agnes.maina227@gmail.com,Siakago,36073610,Erastus Nkonge,0718184472,2025-02-05,A-
228,Purity,Munyi,2010-03-22,F,0761338023,purity.munyi228@gmail.com,Mbeere North,,Erastus Mwangi,0774382155,2025-07-24,
229,Beatrice,Kawira,1992-09-14,F,0752799022,beatrice.kawira229@gmail.com,Manyatta,29426536,Joyce Mwangi,0717863981,2026-02-02,O-
230,Judy,Nyaga,1963-08-23,F,0745772648,judy.nyaga230@gmail.com,Embu Town,21875983,Cyrus Muriithi,0739448924,2025-04-13,O+
231,Diana,Muthoni,1966-08-06,F,0789398174,,Gachoka,31800494,Caroline Kithinji,0786188876,2025-08-31,B+
232,Felix,Kagwiria,1990-06-15,M,0717538738,,Runyenjes,20668672,Grace Kiragu,0780658723,2025-06-29,O-
233,Kevin,Wangari,1958-05-31,M,0717993466,,Siakago,24753074,Martin Njiru,0724887509,2025-12-15,
234,Jane,Murithi,2005-12-24,F,0728314232,jane.murithi234@gmail.com,Gachoka,34658870,Elizabeth Njiru,0795800828,2025-04-14,O-
235,Joyce,Kithinji,1975-01-21,F,0727092408,,Manyatta,39221146,Elizabeth Nkonge,0762559853,2025-06-29,A+
236,Bernard,Njiru,1974-08-20,M,0720443030,,Mbeere North,25633366,Faith Kiogora,0795387542,2025-04-17,A-
237,Emily,Njue,1982-08-02,F,0757040785,,Manyatta,20042988,Elijah Njeru,0716462242,2025-08-03,O+
238,Eunice,Kamau,1964-11-05,F,0757141449,eunice.kamau238@gmail.com,Manyatta,36088989,Sarah Gikonyo,0787585294,2026-02-28,B-
239,Anthony,Njeru,1940-12-29,M,0724055958,,Runyenjes,32598276,Kevin Kirimi,0731596235,2025-10-29,A-
240,Kevin,Nyokabi,1940-07-24,M,0731086112,,Mbeere North,26897129,Bernard Njoroge,0735499255,2026-03-18,O+
241,Consolata,Nkonge,1988-05-12,F,0786741644,consolata.nkonge241@gmail.com,Mbeere South,25153623,John Wachira,0717315517,2025-09-01,AB-
242,Simon,Kiragu,1987-11-07,M,0737776759,,Mbeere North,22749319,Joseph Mwangi,0773561576,2026-05-07,A-
243,Caroline,Wachira,2019-07-02,F,0734814337,caroline.wachira243@gmail.com,Mbeere South,,Jane Gikonyo,0759580252,2026-05-16,B+
244,Grace,Kirimi,2013-11-25,F,0785731895,,Embu Town,,Esther Mugambi,0799586100,2026-04-22,A-
245,Cyrus,Kithinji,2009-04-13,M,0780139805,cyrus.kithinji245@gmail.com,Siakago,,Felix Gikonyo,0773729850,2025-08-21,B-
246,Elizabeth,Kiragu,2005-11-02,F,0733203422,elizabeth.kiragu246@gmail.com,Runyenjes,27109853,Joseph Maina,0735867257,2025-02-05,B+
247,Simon,Kiragu,2013-02-13,M,0752916049,simon.kiragu247@gmail.com,Embu Town,,Felix Kirimi,0718994192,2025-07-26,A-
248,Rose,Wachira,1993-07-08,F,0793625419,rose.wachira248@gmail.com,Embu Town,34079232,Diana Njue,0725102023,2025-10-10,O+
249,Daniel,Kinyua,1953-12-14,M,0781891508,daniel.kinyua249@gmail.com,Mbeere South,28862954,Victor Nkonge,0761411224,2026-07-31,O-
250,Grace,Muthoni,1984-06-01,F,0715205303,grace.muthoni250@gmail.com,Mbeere North,27971838,Bernard Wachira,0716615722,2026-02-17,O-
251,Sarah,Murithi,1938-08-18,F,0775984013,sarah.murithi251@gmail.com,Gachoka,23295628,Elizabeth Mugambi,0740595926,2025-12-12,B+
252,Eunice,Maina,1992-07-28,F,0735224301,eunice.maina252@gmail.com,Embu Town,33662370,Susan Kiragu,0775023164,2025-10-03,
253,Peris,Gitonga,1963-07-11,F,0764141437,,Embu Town,37592126,Damaris Kawira,0786325904,2025-03-09,A+
254,Samuel,Wangari,1945-05-04,M,0758368724,samuel.wangari254@gmail.com,Mbeere North,32359839,Anthony Gitonga,0772306347,2025-09-13,
255,Loise,Mutuma,1940-06-25,F,0733834879,loise.mutuma255@gmail.com,Mbeere South,39692433,Irene Maina,0783998759,2025-09-05,AB-
256,Joyce,Kirimi,1951-03-21,F,0731865061,joyce.kirimi256@gmail.com,Embu Town,27191338,Patrick Gitonga,0739709238,2025-10-19,B-
257,Francis,Kamau,1938-08-07,M,0796888739,,Embu Town,20283995,Diana Munyi,0740033905,2025-01-10,AB+
258,Damaris,Mugambi,2011-01-16,F,0739287523,damaris.mugambi258@gmail.com,Gachoka,,Emily Kirimi,0779878835,2026-01-21,O+
259,James,Kawira,2002-02-23,M,0774657836,,Mbeere North,30909789,Elizabeth Kinyua,0747162866,2026-07-29,AB+
260,Lucy,Karimi,1978-02-12,F,0728781020,lucy.karimi260@gmail.com,Gachoka,36689062,Consolata Njiru,0749675382,2025-02-28,AB+
261,Purity,Gikonyo,1941-05-03,F,0781757508,purity.gikonyo261@gmail.com,Mbeere South,32029167,Eunice Nyaga,0778090647,2025-07-14,AB+
262,Felix,Muthoni,1987-09-18,M,0785031958,felix.muthoni262@gmail.com,Runyenjes,31261956,Faith Kirimi,0797836731,2025-04-10,A-
263,Brian,Nyaga,1990-02-06,M,0788593968,,Embu Town,23952090,Beatrice Kirimi,0773154349,2026-03-07,A+
264,Charles,Wangari,2024-10-19,M,0765446317,,Embu Town,,Nancy Rukwaro,0730237141,2025-05-03,B+
265,Kevin,Kamau,2017-02-06,M,0720846331,kevin.kamau265@gmail.com,Gachoka,,Rachael Muthoni,0733732951,2025-05-27,AB-
266,James,Maina,1984-01-29,M,0775709924,james.maina266@gmail.com,Embu Town,22954177,Moses Wanjiru,0727368573,2025-08-03,O+
267,Purity,Njoroge,2020-08-28,F,0760076822,purity.njoroge267@gmail.com,Mbeere North,,John Wangari,0781274148,2026-01-28,B-
268,Cyrus,Njue,1979-08-24,M,0723785264,cyrus.njue268@gmail.com,Siakago,30271518,Elizabeth Munyi,0732417070,2025-08-20,A-
269,Dennis,Nkonge,2016-10-21,M,0756000822,dennis.nkonge269@gmail.com,Mbeere South,,Mercy Munyi,0758217837,2026-06-17,B-
270,Martin,Wachira,1938-06-07,M,0738345472,martin.wachira270@gmail.com,Siakago,36932692,Nixon Munyi,0732680748,2025-08-22,A-
271,Damaris,Muriuki,2002-04-27,F,0798848098,,Embu Town,20662423,Bernard Gitonga,0716473999,2025-09-19,A-
272,Emily,Gikonyo,1957-03-05,F,0737581060,emily.gikonyo272@gmail.com,Gachoka,20312208,Irene Karimi,0750415166,2026-07-15,O+
273,Cyrus,Karwitha,1983-06-11,M,0778663747,cyrus.karwitha273@gmail.com,Manyatta,29486065,Peris Kinyua,0725302505,2025-05-21,A-
274,Lucy,Wangari,1982-03-10,F,0749641367,,Siakago,36654900,Brian Kamau,0737876214,2026-06-20,O-
275,Esther,Njue,1937-04-15,F,0730017834,esther.njue275@gmail.com,Embu Town,37169982,Felix Kagwiria,0720072800,2025-04-02,A-
276,Loise,Nyaga,2016-12-14,F,0723396125,loise.nyaga276@gmail.com,Embu Town,,Emily Gitonga,0715294153,2025-10-31,AB+
277,Caroline,Njiru,2011-06-09,F,0711298197,caroline.njiru277@gmail.com,Gachoka,,Geoffrey Muriuki,0796865529,2025-04-29,B+
278,Beatrice,Maina,1983-02-21,F,0734544318,,Mbeere South,35318896,Peris Kiogora,0746484819,2025-04-06,O+
279,Caroline,Kamau,1964-12-04,F,0731393688,,Siakago,36195880,Elijah Gitonga,0786362294,2025-04-26,O-
280,Bernard,Gikonyo,1999-05-06,M,0725158211,bernard.gikonyo280@gmail.com,Mbeere South,21542575,Charles Kagwiria,0718500820,2025-01-30,AB+
281,Mary,Karwitha,1975-03-11,F,0774683506,,Gachoka,32914316,Simon Muriithi,0729952062,2025-12-13,
282,James,Wanjiru,2019-03-16,M,0753034742,,Mbeere North,,Peter Kagwiria,0716757958,2026-05-23,
283,Paul,Gikonyo,2007-05-12,M,0786911446,paul.gikonyo283@gmail.com,Embu Town,36725412,Anthony Maina,0770004467,2025-08-29,AB-
284,Charles,Mwangi,1953-06-01,M,0722199793,charles.mwangi284@gmail.com,Siakago,30220611,Grace Njue,0778227936,2026-02-18,
285,Erastus,Kariuki,1996-02-28,M,0770996586,,Embu Town,35875731,Felix Nyaga,0798203489,2026-01-08,AB-
286,Ann,Kinyua,1974-10-15,F,0783509785,ann.kinyua286@gmail.com,Gachoka,23567582,Beatrice Nkonge,0716144233,2025-01-03,B+
287,Faith,Kamau,1954-03-11,F,0762733674,,Embu Town,26394762,Samuel Mutuma,0755356673,2025-09-18,A-
288,Grace,Mutuma,2015-11-01,F,0781184297,grace.mutuma288@gmail.com,Siakago,,Charles Njue,0768090825,2026-04-14,O-
289,Elijah,Muthoni,1958-01-13,M,0777660514,elijah.muthoni289@gmail.com,Mbeere South,28329511,Consolata Njiru,0746721417,2025-04-17,O+
290,Elizabeth,Maina,1958-12-06,F,0750119441,elizabeth.maina290@gmail.com,Siakago,30533098,Susan Kawira,0784300459,2025-05-22,B-
291,Samuel,Nkonge,1996-12-15,M,0725489430,samuel.nkonge291@gmail.com,Siakago,36118539,Edward Njiru,0788222933,2025-05-16,O+
292,Sarah,Njoroge,1937-04-16,F,0729505421,,Manyatta,26707612,James Gikonyo,0745833216,2026-06-20,B+
293,Consolata,Kirimi,1961-04-10,F,0758141541,consolata.kirimi293@gmail.com,Manyatta,38853731,Lucy Muriuki,0740106027,2025-03-05,
294,Esther,Kawira,1986-08-11,F,0751963706,esther.kawira294@gmail.com,Manyatta,20435041,Purity Kamau,0743734435,2025-02-18,B-
295,Peris,Nyaga,2000-12-25,F,0749483865,peris.nyaga295@gmail.com,Gachoka,22498764,Alex Wangari,0735095571,2026-07-14,B+
296,Patrick,Muriuki,2011-11-20,M,0788381281,patrick.muriuki296@gmail.com,Manyatta,,Faith Wanjiru,0754367386,2025-10-13,O-
297,John,Karimi,1992-11-20,M,0719781894,john.karimi297@gmail.com,Mbeere North,37629333,Irene Kithinji,0739522801,2025-02-22,B+
298,Victor,Kawira,1963-08-06,M,0739688703,victor.kawira298@gmail.com,Gachoka,31136162,Jane Kithinji,0754434998,2026-03-02,AB-
299,Lucy,Karwitha,2020-03-15,F,0769816445,,Gachoka,,Joseph Kithinji,0792369566,2026-07-29,B-
300,Cyrus,Njiru,2003-06-06,M,0713315946,cyrus.njiru300@gmail.com,Embu Town,32581504,Agnes Nkonge,0779029393,2025-04-27,
301,Irene,Muriuki,1988-03-10,F,0722879054,,Embu Town,38051439,Nancy Kiragu,0781565674,2025-07-17,A+
302,Samuel,Njeri,2011-02-11,M,0796779969,samuel.njeri302@gmail.com,Manyatta,,Paul Njoroge,0730636590,2025-04-17,A+
303,Damaris,Kiogora,1941-10-18,F,0743810519,damaris.kiogora303@gmail.com,Siakago,27638519,John Muthoni,0744715141,2025-03-31,O+
304,Emily,Wachira,2012-09-11,F,0781784254,,Gachoka,,Patrick Mutuma,0792993446,2025-11-20,A-
305,Elijah,Njeru,1999-03-08,M,0791411889,,Embu Town,34685974,Dennis Rukwaro,0761192463,2026-05-30,O+
306,Charles,Wanjiru,1974-06-14,M,0795100169,,Gachoka,32520182,Caroline Nkonge,0711496555,2025-05-20,
307,Joseph,Muriuki,1935-11-26,M,0756150987,,Gachoka,37198414,Dennis Njeri,0729120002,2026-02-08,B+
308,Stephen,Kirimi,1969-11-13,M,0783665549,stephen.kirimi308@gmail.com,Siakago,22454324,Cyrus Gitonga,0749010740,2025-04-28,A-
309,Ann,Wangari,2022-06-01,F,0723427820,,Manyatta,,Faith Muriithi,0735970938,2025-12-05,AB-
310,Emily,Kiogora,1989-11-05,F,0767486445,,Mbeere North,28260266,Caroline Njiru,0739732676,2025-06-06,O+
311,Peris,Murithi,1959-02-05,F,0758149482,peris.murithi311@gmail.com,Mbeere South,38511034,Emily Maina,0724607269,2025-12-06,B+
312,Felix,Mugambi,1960-02-14,M,0720120010,felix.mugambi312@gmail.com,Embu Town,37018080,Francis Njeru,0794775473,2026-07-06,A+
313,Judy,Njeri,1941-07-30,F,0797766064,judy.njeri313@gmail.com,Mbeere North,33170059,Rose Nyokabi,0739971710,2026-07-19,AB+
314,Anthony,Kawira,1951-04-01,M,0798943201,,Embu Town,25564786,Nancy Njue,0779006257,2026-02-11,B+
315,Joyce,Muthoni,1961-03-26,F,0775450221,,Mbeere North,32396187,Grace Nyaga,0741409454,2026-05-11,A+
316,Edward,Murithi,2004-08-20,M,0715355917,edward.murithi316@gmail.com,Mbeere North,23463656,Sarah Muriuki,0779977486,2026-04-26,AB+
317,Winnie,Muthoni,2002-08-01,F,0779345320,,Runyenjes,37326561,Winnie Njeru,0764471218,2026-01-23,AB-
318,Irene,Nyokabi,1936-03-08,F,0740868838,,Gachoka,29422403,Anthony Wanjiru,0738389345,2026-05-29,B+
319,David,Murithi,1956-03-25,M,0725212062,david.murithi319@gmail.com,Mbeere South,36073283,Caroline Kiogora,0738280205,2025-08-24,B+
320,Mary,Muriithi,1942-09-28,F,0715260108,mary.muriithi320@gmail.com,Runyenjes,21876095,Daniel Kawira,0732325960,2025-05-11,AB+
