payment_id,invoice_id,payment_date,amount,payment_method,reference_number
1,1,2025-12-05,3600.0,Insurance,REF192988
2,2,2025-03-19,12280.0,Insurance,REF610944
3,3,2025-04-28,4000.0,Cash,REF866658
4,4,2025-08-30,2480.0,Card,REF884096
5,5,2026-03-03,1310.0,M-Pesa,REF541933
6,6,2025-07-16,11584.0,Card,REF731707
7,7,2026-07-21,3109.0,M-Pesa,REF805824
8,8,2025-11-25,1250.0,M-Pesa,REF233778
9,9,2025-12-30,2500.0,Cash,REF153170
10,10,2025-02-01,800.0,Cash,REF329656
11,11,2025-07-07,700.0,Cash,REF851765
12,12,2025-05-29,768.62,Cash,REF829234
13,13,2026-01-02,3592.0,Insurance,REF852722
14,14,2026-02-04,904.41,Cash,REF627788
15,14,2026-02-05,675.84,Bank Transfer,REF365778
16,16,2025-03-17,3804.0,Cash,REF103026
17,17,2025-05-10,1416.65,Card,REF342020
18,18,2026-04-07,3549.0,Bank Transfer,REF581924
19,19,2025-10-26,988.9,Card,REF200614
20,20,2026-07-02,1800.0,Cash,REF905206
21,22,2025-12-12,365.88,Cash,REF727273
22,22,2025-12-26,155.21,M-Pesa,REF592491
23,23,2026-01-04,1394.8,Card,REF142862
24,24,2025-10-16,1600.0,Card,REF885461
25,27,2026-06-10,623.85,M-Pesa,REF376478
26,27,2026-06-19,871.67,Insurance,REF170129
27,32,2025-03-25,616.94,Cash,REF258162
28,33,2026-07-27,1200.0,M-Pesa,REF540191
29,34,2026-06-11,4798.0,M-Pesa,REF625428
30,35,2025-08-03,397.39,Card,REF486478
31,37,2025-03-08,527.0,Bank Transfer,REF582874
32,38,2025-12-01,245.79,Bank Transfer,REF260402
33,38,2025-12-08,154.59,Insurance,REF479239
34,39,2025-07-25,1000.0,Insurance,REF709446
35,41,2026-05-09,1000.0,Insurance,REF415100
36,42,2025-12-30,300.0,M-Pesa,REF562396
37,43,2025-02-24,822.0,Bank Transfer,REF305884
38,44,2026-01-06,1087.81,Cash,REF852122
39,44,2026-01-07,328.52,Insurance,REF778662
40,45,2025-02-14,1040.0,Bank Transfer,REF275400
41,47,2025-04-13,1465.0,Cash,REF235765
42,49,2025-09-27,11480.0,Bank Transfer,REF241232
43,50,2025-06-29,2148.99,M-Pesa,REF192756
44,50,2025-07-03,152.95,Bank Transfer,REF797790
45,51,2025-04-13,1850.0,Insurance,REF786341
46,52,2026-05-29,3199.7,Insurance,REF806222
47,52,2026-06-12,1198.01,Card,REF767137
48,54,2025-04-13,3560.0,Card,REF870653
49,55,2025-11-09,1750.0,Card,REF820626
50,57,2026-07-27,7700.0,M-Pesa,REF875846
51,58,2025-07-07,1142.37,Cash,REF770532
52,58,2025-07-21,143.54,M-Pesa,REF789978
53,59,2025-03-23,2340.0,Card,REF815861
54,63,2025-11-16,6632.98,Cash,REF686893
55,64,2025-10-08,5466.05,Insurance,REF583323
56,65,2025-10-12,1800.0,Insurance,REF799096
57,66,2025-02-06,482.34,Cash,REF335838
58,66,2025-02-20,493.92,M-Pesa,REF948210
59,67,2025-11-12,1120.0,M-Pesa,REF182507
60,69,2025-12-18,1630.0,Card,REF623772
61,70,2025-08-04,1436.0,M-Pesa,REF492022
62,72,2026-02-04,1104.6,Bank Transfer,REF916171
63,74,2026-05-16,4034.0,Insurance,REF623637
64,75,2025-07-03,1500.0,Bank Transfer,REF520873
65,76,2026-07-16,700.0,Insurance,REF856805
66,79,2025-05-09,2479.08,Cash,REF478003
67,80,2025-04-15,145.61,Bank Transfer,REF998887
68,80,2025-04-27,90.36,Card,REF914660
69,83,2026-01-01,1240.0,Bank Transfer,REF946088
70,85,2026-01-07,1586.57,Insurance,REF232616
71,85,2026-01-13,544.78,M-Pesa,REF661498
72,86,2026-07-25,1817.66,Card,REF421230
73,87,2026-08-09,392.68,Bank Transfer,REF724893
74,87,2026-08-15,488.35,Card,REF499808
75,88,2025-06-19,885.0,Insurance,REF985249
76,89,2025-10-14,3500.0,Cash,REF218323
77,90,2026-07-14,276.1,Insurance,REF243349
78,90,2026-07-24,495.87,M-Pesa,REF378601
79,92,2025-12-07,2275.89,Insurance,REF155196
80,93,2026-03-06,3332.0,Card,REF711866
81,94,2026-03-01,720.0,Cash,REF931141
82,95,2025-05-06,3650.0,Bank Transfer,REF956244
83,97,2025-04-05,820.0,Insurance,REF914483
84,99,2025-07-17,900.0,Insurance,REF323861
85,102,2025-07-18,1270.0,Bank Transfer,REF694093
86,103,2025-08-02,1195.0,Cash,REF789738
87,104,2026-08-03,700.0,Cash,REF209313
88,105,2026-06-15,1099.33,M-Pesa,REF619760
89,106,2025-04-19,1899.69,Cash,REF226088
90,106,2025-04-27,451.67,M-Pesa,REF684037
91,107,2025-05-29,2699.91,Cash,REF480368
92,108,2026-01-21,500.0,Cash,REF553976
93,109,2025-08-05,761.64,Insurance,REF380031
94,110,2025-05-14,3120.0,Bank Transfer,REF150970
95,111,2025-02-20,594.69,Cash,REF779587
96,112,2025-05-10,968.63,Bank Transfer,REF935329
97,113,2025-08-17,500.0,Cash,REF566311
98,114,2025-11-13,696.0,Bank Transfer,REF238471
99,115,2025-10-25,752.91,Insurance,REF526495
100,115,2025-10-27,358.47,Insurance,REF164954
101,116,2025-08-10,1040.0,M-Pesa,REF900264
102,117,2026-07-31,1400.0,Insurance,REF954894
103,118,2026-07-30,850.0,Bank Transfer,REF663095
104,119,2026-05-29,4830.0,M-Pesa,REF485338
105,120,2025-12-13,3400.0,Card,REF790262
106,121,2025-03-13,600.0,M-Pesa,REF126547
107,122,2026-02-17,2650.0,Bank Transfer,REF997932
108,123,2025-11-03,1050.0,Cash,REF168904
109,124,2026-04-06,341.26,Bank Transfer,REF794752
110,125,2025-04-10,806.3,M-Pesa,REF733565
111,126,2025-05-22,452.3,M-Pesa,REF906605
112,127,2025-02-03,300.0,Card,REF945281
113,128,2025-09-05,14390.7,Bank Transfer,REF272468
114,130,2025-11-21,440.19,Bank Transfer,REF752669
115,131,2025-10-24,614.95,Bank Transfer,REF284560
116,132,2026-01-20,840.0,Card,REF776200
117,134,2026-03-23,2439.4,Bank Transfer,REF922181
118,134,2026-03-29,262.26,Card,REF469359
119,135,2025-03-08,570.0,Cash,REF255565
120,137,2026-01-20,1300.0,Cash,REF771022
121,138,2025-08-19,304.28,Card,REF299338
122,140,2025-04-19,1698.0,Card,REF282773
123,141,2025-08-04,1500.0,Insurance,REF481252
124,142,2026-01-15,1044.57,Cash,REF919838
125,143,2025-06-06,584.0,Cash,REF543785
126,144,2026-05-29,5670.0,M-Pesa,REF631917
127,145,2025-02-01,500.0,M-Pesa,REF592350
128,147,2025-04-09,764.0,M-Pesa,REF151332
129,148,2026-08-06,412.0,Bank Transfer,REF147774
130,149,2025-04-18,300.0,Cash,REF507990
131,150,2026-04-03,11000.0,Bank Transfer,REF926185
132,152,2025-06-25,2344.0,Card,REF946123
133,154,2026-05-20,643.39,Cash,REF499646
134,154,2026-05-22,52.93,Cash,REF515682
135,155,2026-01-01,1000.0,Insurance,REF776128
136,156,2025-05-24,1726.75,Card,REF810694
137,157,2026-03-31,978.0,M-Pesa,REF616942
138,158,2026-06-18,1106.0,Bank Transfer,REF841816
139,159,2025-01-17,567.07,Insurance,REF917208
140,160,2025-10-09,1055.0,Insurance,REF564116
141,161,2025-02-26,1000.0,Cash,REF252199
142,162,2025-12-15,2527.48,Cash,REF824410
143,163,2025-07-19,1412.0,Cash,REF846660
144,166,2025-08-16,2465.0,M-Pesa,REF765573
145,167,2026-07-23,730.01,Insurance,REF366082
146,168,2025-06-07,754.14,Card,REF261777
147,170,2026-08-20,1314.21,Cash,REF869919
148,171,2025-10-11,242.16,Cash,REF960936
149,173,2025-06-08,3750.0,Cash,REF489641
150,174,2026-01-26,1250.0,M-Pesa,REF508537
151,175,2025-04-30,2300.0,Bank Transfer,REF937537
152,177,2026-01-17,1975.0,M-Pesa,REF996620
153,178,2026-01-01,1300.0,M-Pesa,REF657394
154,179,2025-02-26,300.0,Insurance,REF516095
155,182,2025-06-21,864.0,Insurance,REF209619
156,183,2025-10-16,500.0,M-Pesa,REF609153
157,184,2025-07-14,4830.0,Cash,REF998390
158,185,2026-02-22,1166.21,M-Pesa,REF784931
159,187,2025-06-16,1270.0,M-Pesa,REF792051
160,188,2026-06-17,204.94,Bank Transfer,REF282992
161,189,2025-02-01,1400.0,Card,REF922655
162,190,2025-10-11,2000.0,Bank Transfer,REF340374
163,191,2026-08-06,1278.21,Bank Transfer,REF788758
164,193,2025-04-18,1142.29,Insurance,REF929165
165,194,2026-04-13,8570.0,Insurance,REF363640
166,195,2025-07-09,2424.49,Cash,REF756627
167,196,2026-07-09,961.07,Insurance,REF175519
168,196,2026-07-20,1421.08,Insurance,REF445975
169,197,2025-12-10,2000.0,Insurance,REF117728
170,199,2026-03-26,31800.0,M-Pesa,REF704223
171,200,2025-03-04,2384.85,Cash,REF719639
172,202,2025-09-17,548.33,Cash,REF163122
173,203,2025-01-17,500.0,Cash,REF119042
174,204,2026-05-29,1330.0,Cash,REF555707
175,205,2025-05-10,2570.0,M-Pesa,REF174575
176,208,2025-10-12,3200.0,Bank Transfer,REF200761
177,209,2025-10-02,199.34,M-Pesa,REF256941
178,210,2026-04-09,700.0,Card,REF355486
179,211,2025-10-28,2530.0,Card,REF523135
180,212,2025-11-14,1000.0,Card,REF694049
181,213,2026-01-04,1482.0,Bank Transfer,REF525704
182,214,2026-04-10,1275.0,Card,REF648635
183,215,2025-07-26,500.0,Cash,REF177797
184,216,2025-10-04,1840.0,Bank Transfer,REF614378
185,217,2026-04-12,300.0,Cash,REF183784
186,218,2025-10-29,657.81,Cash,REF238256
187,219,2025-05-06,573.73,M-Pesa,REF582745
188,222,2025-08-17,656.81,Card,REF751834
189,223,2025-12-24,2940.0,Bank Transfer,REF469535
190,224,2025-01-17,5860.0,Cash,REF761614
191,225,2025-09-29,800.0,Insurance,REF312876
192,226,2025-08-25,7300.0,Card,REF196149
193,227,2025-12-30,1030.0,Bank Transfer,REF444788
194,228,2025-12-17,3036.0,Cash,REF132377
195,229,2025-10-15,456.69,Card,REF767873
196,232,2026-05-23,452.93,M-Pesa,REF266240
197,232,2026-06-06,101.74,M-Pesa,REF912222
198,233,2025-11-05,3000.0,Bank Transfer,REF946781
199,236,2026-06-12,1209.43,Insurance,REF690390
200,237,2026-03-16,539.97,M-Pesa,REF101248
201,237,2026-03-24,446.98,Bank Transfer,REF421042
202,238,2026-07-20,993.08,Bank Transfer,REF620525
203,240,2025-10-22,1340.0,Bank Transfer,REF721895
204,241,2026-05-23,533.18,M-Pesa,REF540181
205,242,2026-06-25,912.95,Bank Transfer,REF824174
206,243,2025-09-19,750.0,Insurance,REF134630
207,244,2026-03-19,1584.0,Bank Transfer,REF356129
208,245,2025-07-05,810.0,Insurance,REF832987
209,247,2025-10-25,3274.0,Bank Transfer,REF308855
210,248,2025-11-08,879.76,Bank Transfer,REF385631
211,249,2026-06-16,2500.0,Cash,REF586961
212,250,2025-06-26,457.02,Card,REF781651
213,252,2025-08-07,1078.0,Bank Transfer,REF333559
214,253,2025-08-05,1208.83,Insurance,REF722397
215,254,2026-07-27,1840.0,Cash,REF485883
216,256,2025-05-12,1208.0,M-Pesa,REF269357
217,257,2025-06-27,1065.54,Bank Transfer,REF807181
218,257,2025-06-29,554.85,Insurance,REF743911
219,258,2025-02-09,13550.0,Card,REF750919
220,259,2025-10-22,1670.98,Insurance,REF741439
221,260,2025-03-07,3200.0,Bank Transfer,REF789395
222,261,2026-08-02,2300.0,Cash,REF413038
223,262,2026-03-27,583.0,Insurance,REF406351
224,263,2025-09-08,7200.0,Insurance,REF843478
225,264,2026-03-07,7700.0,M-Pesa,REF930165
226,265,2026-05-15,515.09,Bank Transfer,REF697043
227,266,2026-06-09,358.11,Card,REF354235
228,267,2026-07-17,1283.91,Bank Transfer,REF398937
229,267,2026-08-01,1457.79,Bank Transfer,REF376608
230,268,2025-10-14,500.0,Card,REF895943
231,269,2026-08-07,6340.0,Cash,REF253201
232,272,2025-02-09,480.0,M-Pesa,REF722142
233,273,2025-03-10,2000.0,Card,REF540536
234,274,2025-05-20,1468.22,Bank Transfer,REF858693
235,275,2026-07-28,952.0,Card,REF773757
236,277,2025-11-27,348.88,Insurance,REF204604
237,277,2025-11-28,69.8,Card,REF567185
238,278,2025-01-22,974.0,M-Pesa,REF824851
239,279,2026-05-12,1063.0,M-Pesa,REF601992
240,280,2026-07-20,828.08,Insurance,REF992994
241,281,2025-10-16,1000.0,Insurance,REF760914
242,282,2025-06-13,810.4,Bank Transfer,REF939230
243,283,2026-06-07,300.0,M-Pesa,REF356307
244,284,2025-12-25,710.0,M-Pesa,REF416430
245,285,2026-03-10,1100.0,Card,REF553862
246,286,2025-12-10,610.0,Bank Transfer,REF167201
247,287,2025-11-02,1200.0,Card,REF334300
248,289,2026-06-26,500.0,M-Pesa,REF962936
249,290,2026-01-26,2407.0,Cash,REF873111
250,291,2026-07-06,3364.0,M-Pesa,REF242984
251,292,2025-06-06,4000.0,Cash,REF869485
252,293,2026-02-11,13999.78,Bank Transfer,REF473543
253,294,2025-03-22,14874.09,Insurance,REF710638
254,296,2025-07-01,644303.05,Card,REF551143
255,298,2025-06-23,4568.09,Card,REF329009
256,299,2025-12-22,30000.0,Insurance,REF679391
257,300,2025-07-11,22000.0,Cash,REF371974
258,301,2025-02-06,1104000.0,Bank Transfer,REF506728
259,303,2025-05-06,3423.21,Cash,REF668369
260,304,2026-05-09,4000.0,Cash,REF411032
261,306,2026-05-23,6000.0,Cash,REF969074
262,307,2025-11-09,12000.0,Cash,REF803330
263,308,2025-06-25,10000.0,M-Pesa,REF999652
264,310,2025-06-03,4000.0,Cash,REF425087
265,311,2025-01-23,4000.0,Insurance,REF292006
266,312,2026-07-29,16000.0,Bank Transfer,REF318011
267,314,2025-10-14,3538.91,Insurance,REF343259
268,315,2025-02-21,5078.43,Bank Transfer,REF919389
269,316,2026-07-22,6000.0,M-Pesa,REF678991
270,317,2026-04-16,4000.0,Insurance,REF845281
271,318,2026-04-03,146135.11,Insurance,REF499957
272,321,2026-07-22,22000.0,Cash,REF943807
273,322,2025-09-28,30000.0,M-Pesa,REF778044
274,323,2025-10-16,12000.0,Bank Transfer,REF399941
275,325,2026-05-28,30000.0,Bank Transfer,REF376295
276,326,2026-04-01,4000.0,M-Pesa,REF416772
277,327,2025-12-12,4324.42,M-Pesa,REF262703
278,327,2025-12-26,1340.61,Insurance,REF149211
279,328,2025-05-01,6000.0,Cash,REF954659
280,329,2025-09-23,6000.0,Card,REF393948
281,330,2025-03-10,22000.0,Bank Transfer,REF454775
282,331,2026-04-27,22000.0,Bank Transfer,REF888116
283,332,2026-01-27,22000.0,Cash,REF308635
284,334,2025-12-01,4000.0,Cash,REF645588
285,335,2025-04-10,4000.0,Card,REF931738
286,336,2025-12-30,4000.0,M-Pesa,REF242912
287,337,2025-02-28,30000.0,Cash,REF446228
288,338,2025-08-16,17604.25,M-Pesa,REF325995
289,338,2025-08-17,172.97,Cash,REF306851
290,339,2025-06-12,6000.0,Bank Transfer,REF591201
291,341,2025-05-10,12000.0,M-Pesa,REF869721
292,342,2025-02-05,10162.62,Bank Transfer,REF921363
293,343,2025-09-12,648000.0,Bank Transfer,REF997479
294,345,2025-11-18,22000.0,Cash,REF913596
295,346,2025-02-08,22000.0,Card,REF739590
296,348,2025-07-29,760000.0,Insurance,REF361224
297,349,2025-01-03,2320.68,Insurance,REF320839
298,349,2025-01-06,3467.23,Cash,REF870405
299,350,2026-06-11,2312.26,Insurance,REF955705
300,351,2025-07-22,766000.0,M-Pesa,REF327315
301,352,2025-11-19,3950.22,Cash,REF148933
302,352,2025-11-21,641.95,Card,REF948821
303,355,2025-03-04,16000.0,M-Pesa,REF576283
304,356,2026-03-04,6000.0,Cash,REF794070
305,358,2025-10-24,4000.0,Insurance,REF154650
306,359,2026-06-04,30000.0,M-Pesa,REF560688
307,360,2025-03-21,7581.46,Insurance,REF792640
308,361,2025-09-24,8000.0,M-Pesa,REF972097
309,363,2025-02-24,6000.0,Bank Transfer,REF436713
310,364,2026-02-21,8000.0,Bank Transfer,REF211013
311,366,2025-05-09,6000.0,Card,REF291760
312,368,2026-04-27,6000.0,M-Pesa,REF505083
313,369,2025-10-21,9918.55,Cash,REF662899
314,370,2025-02-01,11311.29,Bank Transfer,REF759472
315,370,2025-02-16,9477.26,M-Pesa,REF288616
316,371,2026-03-17,5499.95,M-Pesa,REF941654
317,372,2025-01-16,10000.0,Bank Transfer,REF513351
318,373,2025-10-05,12000.0,Insurance,REF847227
319,374,2025-03-15,22000.0,Card,REF859910
320,375,2025-03-04,8000.0,Cash,REF609049
321,377,2026-05-01,4000.0,Cash,REF573295
322,378,2025-09-17,22000.0,M-Pesa,REF933019
323,379,2025-10-09,30000.0,M-Pesa,REF236305
324,380,2025-06-28,4000.0,M-Pesa,REF149436
325,381,2026-05-27,12000.0,Card,REF580132
326,382,2025-03-24,1925.89,Insurance,REF821797
327,383,2025-11-15,4000.0,M-Pesa,REF802136
328,384,2025-10-23,4000.0,Bank Transfer,REF996593
329,385,2025-11-28,12000.0,Bank Transfer,REF405500
330,386,2025-04-28,30000.0,Cash,REF727325
